id,first_name,last_name,university,major,email,home_state
1,Rolf,Currall,Balochistan University of Information Technology & Management Sciences ,Urban Design,rcurrall0@apple.com,
2,Belinda,Sanzio,Pedagogical University of Kielce,KOL Management,bsanzio1@tiny.cc,BC
3,Karon,Scraney,Pennsylvania State University at Harrisburg - The Capital College,Zendesk,kscraney2@google.it,
4,Morna,McGaugan,Palmer College of Chiropractic West,Microsoft Excel,mmcgaugan3@acquirethisname.com,
5,Oralle,Wildash,Clemson University,Child Development,owildash4@irs.gov,
6,Dieter,Fritter,Humboldt Universität Berlin,Account Reconciliation,dfritter5@ucoz.ru,N
7,Jessamyn,Strewther,Universidad Rafael Landívar,MySQL Cluster,jstrewther6@tiny.cc,
8,Megen,Mettericke,Inner Mongolia Agricultural University,Rx,mmettericke7@nifty.com,M
9,Ricard,Kemme,Berean University of the Assemblies of God,Oracle RDC,rkemme8@msn.com,
10,Gayelord,Wagge,Kobe Women's University,Stand-up Comedy,gwagge9@businessinsider.com,
11,Udall,Esch,Sokoto State University ,MPE,uescha@canalblog.com,
12,Fielding,Waleran,Universidad Academia de Humanismo Cristiano,Guest Recovery,fwaleranb@plala.or.jp,03
13,Christyna,Rainger,Universidad Autónoma de Madrid,Cell Biology,craingerc@amazon.co.jp,
14,Duff,Campagne,"Rutgers, The State University of New Jersey - Newark",EIM,dcampagned@auda.org.au,
15,Elbertina,Storrie,Brown University,XForms,estorriee@opera.com,VA
16,Francisca,Savile,Waterford Institute Of Technology,Yacht Clubs,fsavilef@mysql.com,01
17,Lorrie,Logesdale,Wuhan University School of Medicine,IWR,llogesdaleg@bloglovin.com,
18,Olivia,Cavil,Kure University,Aeronautics,ocavilh@ted.com,
19,Fidelio,Prew,University of Ontario Institute of Technology,Sarbanes-Oxley Act,fprewi@ebay.co.uk,
20,Katharina,Cicchillo,Military University Shoumen,FQHC,kcicchilloj@go.com,
21,Astra,Sedman,"Federal College Of Education (Technical), Akoka",Sales Presentations,asedmank@yolasite.com,
22,Foss,Baldwin,University of Iceland,Due Diligence,fbaldwinl@jiathis.com,
23,Margery,Hupka,Columbia Union College,PMR,mhupkam@dailymail.co.uk,13
24,Tarrance,Clethro,Helwan University,IT Recruitment,tclethron@mit.edu,
25,Kelly,Goford,Kostroma State Technological University,iView,kgofordo@statcounter.com,
26,Gaven,Ivashev,University College Cork,Youth Ministry,givashevp@opera.com,
27,Kylynn,Romayn,Kazan State Pedagogical University,JCIDS,kromaynq@tuttocitta.it,QC
28,Aili,Gawthorp,Science University of Tokyo,JDOM,agawthorpr@posterous.com,
29,Brodie,Coultas,Technological University (Kalay),Business Rules,bcoultass@qq.com,TAB
30,Law,Rigmond,Vidyasagar University,Coastal Zone Management,lrigmondt@nhs.uk,TX
31,Lanette,Caroline,Livingstone College,GNU C,lcarolineu@mashable.com,11
32,Elsinore,Pillington,University of Khartoum,HSRP,epillingtonv@ezinearticles.com,
33,Allie,Leale,Cedar Crest College,SEP IRA,alealew@friendfeed.com,
34,Gertrud,Alliband,Universidad Francisco Marroquín,Apartments,gallibandx@homestead.com,BD
35,Anya,Alton,Chongqing Technology and Business University,Lumion,aaltony@symantec.com,
36,Judie,Neill,University of Victoria,VPython,jneillz@samsung.com,
37,Mahmoud,Shadbolt,Indiana State University,Aquaponics,mshadbolt10@diigo.com,
38,Dyane,Burless,Pabna University of Science and Technology,Active Directory,dburless11@umn.edu,
39,Andonis,Lauga,Armstrong University,Agronomy,alauga12@ca.gov,13
40,Asa,Langridge,Medical Academy in Warszawa,JDA E3,alangridge13@narod.ru,
41,Zerk,Dray,"CollegeAmerica, Phoenix",Solar PV,zdray14@phoca.cz,
42,Bambi,Ruoss,Multimedia University,Team Management,bruoss15@bigcartel.com,
43,Letta,Hearnaman,Instituto de Estudios Superiores de la Sierra,SketchUp,lhearnaman16@nationalgeographic.com,
44,Trina,Hymas,Universidad Nacional de Ingenieria,Young People,thymas17@dagondesign.com,
45,Eal,Gerriets,Universidad Cientifica Latinoamericana de Hidalgo,Quantitative Finance,egerriets18@psu.edu,
46,Junina,Leeming,Miyazaki Prefectural Nursing University,XMind,jleeming19@squarespace.com,B3
47,Gannon,Huglin,Wawasan Open University,Content Strategy,ghuglin1a@de.vu,
48,Clem,Rickarsey,Rheinische Friedrich-Wilhelms Universität Bonn,VMM,crickarsey1b@archive.org,MB
49,Rudd,Seamon,Beijing International Studies University,BDD,rseamon1c@state.tx.us,
50,Giorgia,Messingham,Japanese Red Cross College of Nursing,UDDI,gmessingham1d@cbslocal.com,
51,Antonietta,Lawly,Northeast Normal University,Analysis,alawly1e@furl.net,
52,Shir,Hoggins,"Fachhochschule Schwäbisch Gmünd, Hochschule für Gestaltung",Juvederm,shoggins1f@wikimedia.org,
53,Cleopatra,Rolfe,Ecole Supérieure d'Agriculture de Purpan,Japanese to English,crolfe1g@vimeo.com,
54,Cornell,Dansey,Northwest University Xi'an,Twitter Marketing,cdansey1h@admin.ch,09
55,Amara,Kiraly,Delhi College of Engineering (DCE),Veterinary Medicine,akiraly1i@quantcast.com,
56,Roxine,Ausiello,Johnson County Community College,RMAN,rausiello1j@oaic.gov.au,
57,Lenora,Staite,Comenius University in Bratislava,QuickBooks,lstaite1k@elegantthemes.com,
58,Yorke,Farington,Medical University Varna,IA32,yfarington1l@macromedia.com,
59,Bay,Itzchaky,Sistema Universitario Ana G. Méndez,Tour Operators,bitzchaky1m@webs.com,
60,Jordan,Kopmann,Universidad Nacional de Cajamarca,GSS,jkopmann1n@nymag.com,
61,Harli,Maylard,Fachhochschule Koblenz,Loss Prevention,hmaylard1o@squidoo.com,
62,Richie,Kitney,Dutch Delta University,21 CFR,rkitney1p@quantcast.com,AB
63,Kellsie,O'Spellissey,"Institute of Architecture ""Ion Mincu"" Bucharest",Swing,kospellissey1q@seesaa.net,N
64,Neddy,Clunie,Université des Montagnes,MCEV,nclunie1r@webnode.com,
65,Shoshanna,Peddar,National University of Management,Oxygen XML Editor,speddar1s@alibaba.com,
66,Gale,Babbage,Kathmandu University,Oracle E-Business Suite,gbabbage1t@timesonline.co.uk,
67,Abbi,Girodin,Université Thierno Amadou Diallo,Xerox Printers,agirodin1u@sitemeter.com,
68,Jules,Sutor,Universidad de Nariño,Oligonucleotides,jsutor1v@mayoclinic.com,
69,Hogan,Jales,Ewha Women's University,Guest Service Management,hjales1w@cam.ac.uk,
70,Eirena,Williment,Universidad Abierta y a Distancia de Panama,DVP&amp;R,ewilliment1x@stanford.edu,
71,Wyn,Jonathon,Tokai Gakuen University,Fax,wjonathon1y@phpbb.com,
72,Brockie,Massow,Silver Lake College,Aquifer Testing,bmassow1z@uol.com.br,
73,Steffie,Hursey,Theologische Fakultät Trier,Management Due Diligence,shursey20@ameblo.jp,
74,Susana,Rapson,Transylvania University,IAM,srapson21@nature.com,
75,Padgett,Edyson,St. Petersburg State Technological University of Plant Polymers,Testing,pedyson22@etsy.com,11
76,Ammamaria,Galfour,London School of Jewish Studies,HttpUnit,agalfour23@myspace.com,
77,Elena,McPartlin,Hebei University of Economics and Trade,AC Nielsen,emcpartlin24@google.com.hk,
78,Eustacia,Legges,Modern University For Technology and Information,SSO,elegges25@woothemes.com,
79,Rosy,Woodfield,Vaganova Academy of Russian Ballet,KMDF,rwoodfield26@comcast.net,
80,Cindra,Collymore,Kenyatta University,Virtual PC,ccollymore27@wp.com,
81,Durward,Parkyns,Toyota Technological Institute,MPLS,dparkyns28@hostgator.com,
82,Cody,Rickford,Suez Canal University,MCT,crickford29@examiner.com,
83,Vale,Beldon,Guangdong Peizheng College ,Assessment Center,vbeldon2a@deviantart.com,
84,Evangeline,Goadsby,Mariano Marcos State University,Agents,egoadsby2b@discovery.com,
85,Ola,Sommerville,Central Police University,RSA Ace Server,osommerville2c@businessinsider.com,
86,Ebeneser,Canceller,Amirkabir College of Managmant & Technology,Fraud Detection,ecanceller2d@hexun.com,
87,See,Houseley,"Mercer University, Cecil B. Day Campus",Affiliate Networks,shouseley2e@webs.com,
88,Elysia,Semiraz,Universidad Nacional Federico Villarreal,Tour Operators,esemiraz2f@sina.com.cn,
89,Jobyna,Drennan,Changchun Teachers College,IBM Servers,jdrennan2g@friendfeed.com,FL
90,Ernestus,Vynall,Japan Advanced Institute of Science and Technology,BTL Activations,evynall2h@instagram.com,
91,Willi,Arbon,Medical Academy Ludwik Rydygier in Bydgoszcz,FMLA,warbon2i@epa.gov,
92,Burg,Ipsly,Divine Word University,Turbo C++,bipsly2j@nytimes.com,
93,Jill,Camerana,Tuva State University,IFC,jcamerana2k@earthlink.net,
94,Giordano,Aberdalgy,College of Dunaujvaros,Life Sciences,gaberdalgy2l@opensource.org,
95,Laural,Butlin,Universidade Estadual da Paraíba,Digital Illustration,lbutlin2m@sogou.com,
96,Brok,Harrill,Hokkaido University of Education,Jive SBS,bharrill2n@ted.com,11
97,Ginnie,Macconaghy,Isfahan University of Technology,MQL,gmacconaghy2o@tiny.cc,
98,Jeffry,Phizackerly,Royal University of Phnom Penh,OC RDC,jphizackerly2p@ox.ac.uk,08
99,Wernher,Cleyne,Universitas Kristen Krida Wacana,Road Traffic,wcleyne2q@mtv.com,
100,Cletus,Bris,Aichi Gakuin University,UV-Vis-NIR,cbris2r@gmpg.org,
101,Stacee,Picheford,Tougaloo College,Curriculum Development,spicheford2s@nsw.gov.au,
102,Casandra,Penkethman,Al-Eman University,DSLAM,cpenkethman2t@google.com.br,
103,Sidney,Beckers,Universidad Católica Andres Bello,Utility Billing,sbeckers2u@bandcamp.com,
104,Katrina,Barwise,Taejon National University of Technology,BMI,kbarwise2v@sciencedirect.com,
105,Lillian,Lacey,Universidad Autónoma de Coahuila,Publications,llacey2w@icio.us,
106,Netty,Schutt,Universitas Pembangunan Panca Budi,Supply Management,nschutt2x@nationalgeographic.com,
107,Palmer,Sute,Visvesvaraya National Institute of Technology,PMO Design,psute2y@e-recht24.de,
108,Jedd,Puleque,Xi'an University of Electronic Science and Technology,PSD,jpuleque2z@over-blog.com,
109,Celestia,Ector,Universidade Regional do Noroeste do Estado do Rio Grande do Sul,Water Treatment,cector30@tamu.edu,
110,Willy,Mingasson,Sardar Vallabhai Patel University of Agriculture Amd Technology,Umbrella Insurance,wmingasson31@ft.com,
111,Kacy,Call,Baku Slavic University,Market Knowledge,kcall32@wiley.com,
112,Heidi,Carnduff,Campbell University,Sound,hcarnduff33@cornell.edu,
113,Katusha,Westrey,Maejo University,Xcart,kwestrey34@smugmug.com,
114,Ester,Wentworth,University of Craiova,Microsoft Dynamics NAV,ewentworth35@mail.ru,
115,Chaddy,Petyt,Nortre Dame Seishin University,McAfee Antivirus,cpetyt36@over-blog.com,11
116,Ruthe,Mingaud,Panjab University,RMIS,rmingaud37@1und1.de,
117,Mamie,Surmeyer,South University of Science and Technology of China ,Mystery Shopping,msurmeyer38@oracle.com,
118,Sergei,Scudamore,Ecole Nationale d'Ingénieurs de Tarbes,Capital Equipment,sscudamore39@mail.ru,
119,Frasquito,Hamlington,St. Leo College,DBUnit,fhamlington3a@amazon.de,
120,Petunia,Duprey,"Curtin University of Technology, Sarawak Campus",Application Architecture,pduprey3b@cpanel.net,
121,Ashla,Testin,Ecole des Hautes Etudes Commerciales du Nord,Time &amp; Attendance,atestin3c@eepurl.com,
122,Syd,Pehrsson,Pomona College,XPath,spehrsson3d@arizona.edu,
123,Gery,Coppins,Mariano Marcos State University,NDMP,gcoppins3e@alibaba.com,
124,Bil,Oakeby,Heilongjiang August 1st Reclamation University,Mplus,boakeby3f@photobucket.com,
125,Adrianne,Ingon,Seinan Gakuin University,Lync,aingon3g@people.com.cn,
126,Kip,O'Moylane,Singhania University Rajasthan,HDL Designer,komoylane3h@gov.uk,
127,Cassie,Haskett,University of West Los Angeles,Omnis,chaskett3i@epa.gov,
128,Clayton,Dorbin,Stamford University,MSDS,cdorbin3j@shutterfly.com,
129,Hogan,Cranham,Universidad Veracruzana,Short Sales,hcranham3k@si.edu,NSW
130,Fawnia,Ivanyutin,"National Institute of Technology, Rourkela",Tax Law,fivanyutin3l@feedburner.com,03
131,Claudio,Bonhan,"California State University, Channel Islands",DNA electrophoresis,cbonhan3m@rakuten.co.jp,
132,Ado,Waldocke,University of International Business,Local Government,awaldocke3n@addtoany.com,
133,Laural,Chessel,Franklin Pierce Law Center,PDMS Design,lchessel3o@e-recht24.de,B9
134,Wally,Brave,Universidad Pontificia de Salamanca,Weapons,wbrave3p@columbia.edu,
135,Raffaello,Greve,Université Euro-Afrique,Computer Games,rgreve3q@macromedia.com,
136,Jodie,Spileman,Université de Toamasina,Whole Life,jspileman3r@reverbnation.com,
137,Nelson,Abbe,Beijing University of Aeronautics and Astronautics,BMC Remedy Administration,nabbe3s@mozilla.com,
138,Emery,Defrain,Xi'an Jiaotong-Liverpool University,Framing,edefrain3t@ft.com,
139,Lori,Druce,University Vitez In Travnik,Business Objects,ldruce3u@ocn.ne.jp,13
140,Paulina,Leverentz,Ecole Nationale Supérieure des Mines d'Alès,Online Travel,pleverentz3v@domainmarket.com,
141,Evelyn,Rabb,Beni Suef University,iGaming,erabb3w@who.int,
142,Emmett,Jockle,Pamukkale University,FX Hedging,ejockle3x@sogou.com,
143,Jackie,Tanzer,Lander University,Latin America,jtanzer3y@sitemeter.com,
144,Madelle,Brayshaw,Gwynedd-Mercy College,NDT,mbrayshaw3z@dedecms.com,
145,Winny,Jefford,University of Pisa,AC/DC,wjefford40@hp.com,
146,Cherilyn,Bessent,College of Charleston,DNS,cbessent41@4shared.com,
147,Bevon,Hassen,Kuwait International Law School,MLP,bhassen42@last.fm,
148,Pepi,Ulrik,Cleveland Institute of Art,EOC,pulrik43@archive.org,
149,Wells,Lebrun,Kalamazoo College,Sponsorship,wlebrun44@ameblo.jp,
150,Victoir,Messenger,Port Said University,ProSystem fx Engagement,vmessenger45@wikimedia.org,
151,Julio,Mattisson,Sendai University,Economic Development,jmattisson46@toplist.cz,
152,Fredericka,Benois,Paier College of Art,Brand Ambassadorship,fbenois47@ow.ly,
153,Farica,Callender,Universidade Regional do Cariri,Agile Testing,fcallender48@mysql.com,
154,Sigrid,Branscomb,University of Urbino,Athletic Performance,sbranscomb49@liveinternet.ru,
155,Rhona,Lavens,Shaikh Zayed University,Multi-color Flow Cytometry,rlavens4a@nbcnews.com,
156,Shara,Lowde,Universidad Nacional Experimental de la Fuerza Armada,PDF Creator,slowde4b@oaic.gov.au,
157,Kelcy,Plenderleith,University of Arkansas at Little Rock,LSO,kplenderleith4c@admin.ch,
158,Dione,Jachimczak,Konkuk University,AMSI,djachimczak4d@nbcnews.com,
159,Rodina,Gent,University of Crete,High Availability Clustering,rgent4e@guardian.co.uk,
160,Liva,Rings,Pyongyang University of Science and Technology,Policy Analysis,lrings4f@bloglovin.com,
161,Fiorenze,Swanbourne,Guilan University of Medical Sciences,AAP,fswanbourne4g@github.io,
162,Joellen,Follin,Ho Chi Minh City University of Medicine and Pharmacy,Federal Government,jfollin4h@ning.com,
163,Darcie,Wishart,Darul Naim College of Technology,Outdoor Advertising,dwishart4i@nsw.gov.au,
164,Rubi,Harcourt,NHL University of Applied Sciences,Art,rharcourt4j@huffingtonpost.com,
165,Aubrey,Scoon,ITT Technical Institute Indianapolis,xUnit,ascoon4k@narod.ru,
166,Sibley,Royan,Bidhan Chandra Agricultural University,Space Planning,sroyan4l@cam.ac.uk,
167,Retha,Gare,Universite Amadou Hampaté Ba,Federal Grants Management,rgare4m@so-net.ne.jp,
168,Shea,O' Liddy,Utah Valley State College,ESB,soliddy4n@ftc.gov,
169,Sheree,Synnott,Al Nahrain University,Mobile Marketing,ssynnott4o@opensource.org,
170,Olenolin,Douty,Shanghai University of Finance and Economics,JTA,odouty4p@psu.edu,
171,Xylia,Allnutt,Molloy College,RWA,xallnutt4q@ucoz.ru,
172,Rennie,Deniscke,University of Portland,Product Launch,rdeniscke4r@devhub.com,
173,Annabel,Pearmain,University of Veterinary & Animal Science,CTP,apearmain4s@cdbaby.com,
174,Heather,Wilne,Sylhet Engineering College,Maritime Operations,hwilne4t@networkadvertising.org,
175,Patience,Brute,Omar Al-Mukhtar University,Ultra Low Latency,pbrute4u@drupal.org,
176,Ignace,Esilmon,Xi'an Highway University,SBIR,iesilmon4v@quantcast.com,B7
177,Marthena,Bubbear,"University of Maine, Orono",Cardiology,mbubbear4w@feedburner.com,
178,Enos,Layus,Umea University,NI Multisim,elayus4x@nationalgeographic.com,
179,Maribeth,Bielby,"University of Gjirokstra ""Eqerem Cabej""",Business Overhead Expense,mbielby4y@mail.ru,
180,Guthry,Elsey,Irbid National University,Workplace Safety,gelsey4z@shutterfly.com,
181,Marlane,Biffen,Purdue University Calumet,NDA,mbiffen50@gmpg.org,
182,Rafferty,Connichie,Esztergom Theological College,Knee,rconnichie51@wisc.edu,
183,Cathie,Stodhart,Shumei University,Zumba,cstodhart52@oakley.com,
184,Riobard,Belk,Universidad del Caribe,XML Schema Design,rbelk53@bizjournals.com,SLP
185,Boote,Cudihy,Pace University  Pleasantville/Briarcliff,Metal Fabrication,bcudihy54@imgur.com,1084
186,Tuesday,O' Dooley,Wheelock College,Utility Systems,todooley55@simplemachines.org,
187,Hannah,Downgate,Université de Biskra,Equity Valuation,hdowngate56@cloudflare.com,11
188,Currie,Bohin,Lake Superior State University,Hair Cutting,cbohin57@weibo.com,
189,Barney,Challenor,Ashesi University,OSHA Instruction,bchallenor58@netscape.com,
190,Selig,Pelz,University of North Carolina at Greensboro,Omnibus,spelz59@prlog.org,
191,Gerri,Crutchfield,University of Da Nang,BMP design,gcrutchfield5a@domainmarket.com,
192,Natty,Soal,Kiev National Economic University Named after Vadym Hetman,Powers of Attorney,nsoal5b@umn.edu,SO
193,Mohammed,Bydaway,Nippon Medical School,DTR,mbydaway5c@baidu.com,
194,Nickie,Puckrin,Slippery Rock University,ISO,npuckrin5d@yelp.com,
195,Deeann,Luckey,Algonquin College,Aqualogic,dluckey5e@google.com.br,
196,Sibeal,Oda,Colorado School of Mines,EEG,soda5f@ezinearticles.com,
197,Jessi,Byas,Universidad de Sonsonate,Job Search,jbyas5g@ox.ac.uk,
198,Mordecai,Constanza,Aquinas University,Apollo GDS,mconstanza5h@eventbrite.com,
199,Essie,Klyner,University of Stirling,Translation,eklyner5i@arstechnica.com,12
200,Cass,Fernao,Université des Sciences et de la Technologie Houari Boumediène,Kindergarten,cfernao5j@statcounter.com,
201,Lib,Shirland,Tianjin Normal University,CSS Sprites,lshirland5k@google.co.jp,
202,Ermentrude,Dewdeny,Chongqing University of Communications,Wheat,edewdeny5l@jalbum.net,
203,Matthieu,Cohane,Pontifícia Universidade Católica do Rio de Janeiro,Analog Circuit Design,mcohane5m@behance.net,
204,Ardelia,Emloch,Université de La Rochelle,Inventory Control,aemloch5n@theatlantic.com,A8
205,Lira,Kidwell,Hagerstown Community College,Object Oriented Modeling,lkidwell5o@census.gov,
206,Kaylee,Prevost,Punjab Engineering College Deemed University,OEM contracts,kprevost5p@tiny.cc,
207,Ester,Tickle,Kemerovo State University,Go-to-market Strategy,etickle5q@stanford.edu,13
208,Jacquetta,McCrillis,University of Sarajevo,New Business Development,jmccrillis5r@google.fr,
209,Dorice,Gouch,Sunrise University Alwar,EWM,dgouch5s@purevolume.com,18
210,Ardisj,Bethell,Akwa Ibom State University of Technology,Wholesale Banking,abethell5t@zimbio.com,
211,Catharine,Lowy,Briar Cliff College,eGRC,clowy5u@about.me,
212,Carlen,Hovell,Polonia University in Czêstochowa,Capital Equipment Sales,chovell5v@mozilla.com,
213,Raimundo,Clandillon,Bethel College Newton,EFTPOS,rclandillon5w@behance.net,
214,Emmalee,Dmytryk,Hunan Agricultural University,FSC Certification,edmytryk5x@privacy.gov.au,
215,Willy,Braniff,Kuala Lumpur Metropolitan University,Sports Play-by-play,wbraniff5y@feedburner.com,
216,Aridatha,Gentiry,Nigerian Turkish Nile University,3Com NBX,agentiry5z@cpanel.net,
217,Archaimbaud,Kiraly,Ferris University,UF/DF,akiraly60@ocn.ne.jp,
218,Damian,Harmar,Capital Normal University,CGI programming,dharmar61@nymag.com,
219,Tab,Gearing,Sang Myung University,Window Displays,tgearing62@timesonline.co.uk,
220,Benn,Cabrera,Japan Advanced Institute of Science and Technology,Urgent Care,bcabrera63@youtube.com,
221,Alwyn,Glasbey,Ecole Supérieure de Commerce de Reims,CCIP,aglasbey64@moonfruit.com,YUC
222,Hakeem,Anneslie,Kathmandu University,Pneumatics,hanneslie65@github.com,
223,Cilka,Wetherby,Northern Lights College,VMware View,cwetherby66@europa.eu,
224,Sax,Oddie,Institute of Management & Enteurpreneurship of South East Europe,SVM,soddie67@istockphoto.com,BC
225,Leonora,Stachini,"Sharif University of Technology, Kish Campus",MVC Architecture,lstachini68@apple.com,
226,Heida,Emm,4th Military Medical University,AQTF compliance,hemm69@desdev.cn,
227,Donni,Palister,Zhongnan University of Finance and Economics,CMDB,dpalister6a@dell.com,
228,Vivia,Kellet,Goldey-Beacom College,Laboratory Skills,vkellet6b@rediff.com,
229,Aaron,Taft,Academy of Fine Arts,JavaSE,ataft6c@furl.net,
230,Inga,Beekman,Anambra State University of Science and Technology,Azerbaijani,ibeekman6d@diigo.com,
231,Georgeanna,Chaimson,Universidad Nacional de Misiones,SR&amp;ED,gchaimson6e@mail.ru,
232,Elke,Cowin,Hochschule für Gestaltung und Kunst Zürich,Customer Acquisition,ecowin6f@sphinn.com,
233,Rosie,Rives,Saginaw Valley State University,Tk,rrives6g@networkadvertising.org,
234,Daffi,Moyler,Massachusetts Institute of Technology,JDO,dmoyler6h@princeton.edu,10
235,Tessa,Shildrake,Centre Universitaire d'Oum El Bouaghi,Hmong,tshildrake6i@toplist.cz,
236,Malchy,Stilling,Sultan Haji Ahmad Shah Polytechnic,RDL,mstilling6j@wunderground.com,
237,Pattie,Baynes,"Fachhochschule Stuttgart, Hochschule der Medien",MyEclipse,pbaynes6k@tuttocitta.it,
238,Kary,Zack,Shikoku University,TM1,kzack6l@lycos.com,OR
239,Jorie,Nibley,Cardiff University,NFC,jnibley6m@pinterest.com,
240,Letty,Brockton,Soka University,GDP,lbrockton6n@homestead.com,
241,Saunderson,Dunphy,Adeleke University,XNA,sdunphy6o@toplist.cz,
242,Magdalen,Cohen,Hogeschool Utrecht,Navigation,mcohen6p@creativecommons.org,
243,Ossie,Bartles,Rakuno Gakuen University,Mediation,obartles6q@state.gov,
244,Zerk,Jeandet,National Institute of Fitness and Sports Kanoya,BMR,zjeandet6r@unc.edu,
245,Clari,Erley,Toyohashi University of Technology,xBase,cerley6s@reverbnation.com,
246,Olivette,Beebis,Dongbei University of Finance And Economics,Silverlight,obeebis6t@google.it,
247,Clovis,Haggish,Technical University in Zvolen,Myriad,chaggish6u@msn.com,
248,Oralia,Martinelli,Universidad Autónoma de Colombia,Erosion Control,omartinelli6v@google.cn,
249,Adora,Berrisford,University of Minnesota - Duluth,JTest,aberrisford6w@sourceforge.net,
250,Tulley,Moraleda,Seton Hall University,NUnit,tmoraleda6x@de.vu,
251,Gwenette,MacCarrane,Université Joseph Fourier (Grenoble I),EMS,gmaccarrane6y@epa.gov,
252,Annecorinne,Swains,The Defiance College,Community Outreach,aswains6z@linkedin.com,
253,Lisha,Parzizek,New Jersey City University,CPL,lparzizek70@163.com,
254,Jarid,Clewlow,College of Mount St. Vincent,LSO,jclewlow71@macromedia.com,
255,Lucille,Scraney,West Virginia University,Teeth Whitening,lscraney72@bravesites.com,A2
256,Dewey,Ronnay,Hanshin University,Hyperion,dronnay73@nhs.uk,
257,Noreen,Denecamp,College of Education Oju,UltraEdit,ndenecamp74@free.fr,
258,Cortney,Skarman,Igbinedion University,TDI,cskarman75@businesswire.com,
259,Andy,Waterman,Hijiyama University,Autodesk Inventor,awaterman76@trellian.com,
260,Demetris,Bardnam,University of Science and Technology Beijing,Vulnerability,dbardnam77@marriott.com,
261,Jaimie,Meere,Bluefield College,Consulting,jmeere78@gizmodo.com,
262,Ira,Affleck,Tanta University,Three.js,iaffleck79@xrea.com,
263,Erasmus,Borthe,Oita Medical University,VLSI CAD,eborthe7a@meetup.com,
264,Zea,Kubelka,Lutherische Theologische Hochschule Oberursel,Petroleum,zkubelka7b@reference.com,
265,Arlen,Lukehurst,University of the Visayas,Acting,alukehurst7c@businessweek.com,
266,Candida,Hastwell,Peru State College,Oil &amp; Gas Exploration,chastwell7d@netscape.com,
267,Rafaellle,Jeanet,Islamia University of Bahawalpur,Earthworks,rjeanet7e@ucla.edu,
268,Wesley,Retallack,Acadia University,iWeb,wretallack7f@time.com,
269,Burnaby,Porkiss,Universitas Pancasila,XSD,bporkiss7g@tripadvisor.com,
270,Natalie,Chapleo,Maakhir University,Outplacement,nchapleo7h@cornell.edu,CA
271,Micki,Bentick,Chaudhary Charan Singh Haryana Agricultural University,DS3,mbentick7i@earthlink.net,
272,Donnamarie,Demageard,University of Rhode Island,LPIC,ddemageard7j@newsvine.com,
273,Cynthy,Toop,London School of Jewish Studies,nDo,ctoop7k@sitemeter.com,
274,Kaine,Catterell,Xijiang University,cXML,kcatterell7l@cargocollective.com,
275,Kally,Matz,Sukhothai Thammathirat Open University,System Testing,kmatz7m@ibm.com,
276,Dacie,Ainger,Shanghai Normal University,LDOM,dainger7n@jugem.jp,
277,Joli,Ruck,University of Texas Health Science Center at San Antonio,OCR,jruck7o@163.com,
278,Lewiss,Prati,University of Wisconsin - Superior,IT Strategy,lprati7p@google.de,GP
279,Zak,Bremen,Cavendish University,Multi-channel Retail,zbremen7q@sourceforge.net,
280,Jessa,Brinklow,University of Central Lancashire,IIA Standards,jbrinklow7r@apache.org,05
281,Elmira,Veldstra,Cardiff University,Packaging,eveldstra7s@tuttocitta.it,
282,Niki,Dongles,National Law School of India University,CFM,ndongles7t@slashdot.org,
283,Johnnie,Doward,Akademia Podlaska,International Real Estate,jdoward7u@google.ca,
284,Jewel,Clemencon,Kangnung National University,Resume Writing,jclemencon7v@hugedomains.com,
285,Kary,Castiglioni,Université Centrale,Crisis Intervention,kcastiglioni7w@stumbleupon.com,
286,Emmy,Upton,European University,DB2,eupton7x@typepad.com,
287,Jeanne,Hansod,Amherst College,XaaS,jhansod7y@sciencedaily.com,A8
288,Araldo,Neil,Universitas Muhammadiyah Makassar,DFR,aneil7z@npr.org,
289,North,Arr,London School of Business & Finance,TDP,narr80@google.pl,
290,Arden,Tollet,Boise State University,Medicare,atollet81@csmonitor.com,M
291,Orv,Wassung,Augustana College,RTO,owassung82@github.com,
292,Sherill,Easlea,Universidad Iberoamericana,Outerwear,seaslea83@amazon.de,
293,Karina,Grim,Novena University,HCS 2000,kgrim84@icio.us,
294,Flin,Djorevic,Universidad Catolica de Valparaiso,Evangelism,fdjorevic85@cornell.edu,
295,Mord,Carme,Saba University,Educational Technology,mcarme86@e-recht24.de,
296,Jeno,Storm,Gretsa Universtiy,IntelliJ IDEA,jstorm87@shareasale.com,
297,Mikel,Spackman,Oregon State University,CCIP,mspackman88@oracle.com,
298,Tobi,Sutherington,Technological University (Kyaing Tong),HDV,tsutherington89@theguardian.com,
299,Willi,Valek,Instituto Tecnológico y de Estudios Superiores de Occidente,DTS,wvalek8a@sina.com.cn,
300,Pauletta,Easlea,Ternopil Academy of National Economy,Nutrition Education,peaslea8b@blogtalkradio.com,
301,Sibelle,Eymer,East West University,Lubrication,seymer8c@go.com,
302,Lew,Streader,Universitas Haluoleo,Nutritional Counseling,lstreader8d@npr.org,06
303,Daryl,Este,Wayne State University,DCL,deste8e@google.com.br,DC
304,Silvie,Wewell,Asa University Bangladesh,Jigsaw,swewell8f@prweb.com,
305,Gertrud,Endersby,Tennessee State University,Purchase Management,gendersby8g@yahoo.co.jp,
306,Finlay,Pauletto,Université d'Alger,VCAT,fpauletto8h@php.net,
307,Miguel,Cadwallader,Zhongnan University of Finance and Economics,MCAD,mcadwallader8i@mac.com,
308,Harry,Townend,Mount Holyoke College,First Year Experience,htownend8j@simplemachines.org,CO
309,Tabbie,McGurk,Chuo University,UDDI,tmcgurk8k@squarespace.com,
310,Esme,Sangster,Chuvash State University,RFI,esangster8l@webmd.com,
311,Bernadina,Linzey,Geneva Business School,Piano Playing,blinzey8m@sakura.ne.jp,
312,Francesca,Gilliver,Kenyatta University,DBI,fgilliver8n@mtv.com,
313,Savina,Wyeth,Universitas Muhammadiyah Surakarta,Market Analysis,swyeth8o@boston.com,
314,Conrado,Whitefoot,Baghdad College of Pharmacy,IGMP Snooping,cwhitefoot8p@usatoday.com,
315,Paco,Gallier,Cape Peninsula University of Technology,MRO Management,pgallier8q@t-online.de,
316,Cchaddie,Ogbourne,Kyoto Women's University,IT Recruitment,cogbourne8r@weebly.com,
317,Fran,Goadbie,Azzahra University,BTEQ,fgoadbie8s@phpbb.com,
318,Gaspar,Wahncke,Institut Supérieur de Gestion de Tunis,FPSO,gwahncke8t@jigsy.com,
319,Janela,Cacacie,The CTL Eurocollege,eTOM,jcacacie8u@skyrock.com,
320,Marget,Afonso,Universidad de Las Palmas de Gran Canaria,iPhone Application Development,mafonso8v@usa.gov,
321,Astra,Cluney,"St. Petersburg State University of Information Technologies, Mechanics and Optics",DFU,acluney8w@cdbaby.com,
322,Tim,Edworthy,Universitas Ahmad Dahlan,Static Timing Analysis,tedworthy8x@webeden.co.uk,
323,Jerrylee,McGavigan,Meredith College,Options,jmcgavigan8y@gravatar.com,
324,Waneta,Kildale,Nile University,CXO,wkildale8z@multiply.com,
325,Wallace,Arden,National Mining University,European Languages,warden90@shareasale.com,
326,Hazel,Trubshawe,Gyeongsang National University,Financial Mgmt,htrubshawe91@virginia.edu,
327,Angel,Bassilashvili,Lakeview College of Nursing,PPC Bid Management,abassilashvili92@creativecommons.org,
328,Rancell,Norman,Eastern Oregon University,Variable Frequency Drives,rnorman93@salon.com,
329,Lina,Lorait,Charleston Southern University,CMOS,llorait94@vk.com,
330,Dulcia,Drewett,Universidad del Pacifico,Roofers,ddrewett95@wisc.edu,
331,Meghan,Worters,Tver State University,TTCN,mworters96@zdnet.com,
332,Minna,Lidgett,Chiang Mai Vocational College,Mobile Games,mlidgett97@bandcamp.com,
333,Willem,Sidwell,Wells College,Dynamics,wsidwell98@simplemachines.org,
334,Kermie,Dunne,Universidad Tecnologica de Nezahualcoyotl,DCM,kdunne99@whitehouse.gov,
335,Brendan,Gregersen,Bhupendra Narayan Mandal University,Dry Eye,bgregersen9a@paginegialle.it,
336,Mal,Wadwell,Ecole Supérieure de Commerce de Brest,Competitive Analysis,mwadwell9b@nih.gov,
337,Mable,Roja,Trinity University School of Medicine,AJAX Frameworks,mroja9c@printfriendly.com,
338,Reidar,Reinard,Precarpathian University,RAN,rreinard9d@digg.com,
339,Tiertza,Morford,Edward Waters College,HR Policy Formulation,tmorford9e@nsw.gov.au,
340,Kylynn,Middlehurst,Universidad Central de Las Villas,DC-DC,kmiddlehurst9f@apple.com,
341,Jan,Thurske,University of Cagayan Valley,Apache Ivy,jthurske9g@amazon.de,
342,Avie,Jaray,Tokyo University of Information Sciences,BMV,ajaray9h@dot.gov,10
343,Ashlen,Salamon,Stratford College London,PFS,asalamon9i@nasa.gov,
344,Zorah,Gully,ICI University,BPH,zgully9j@51.la,
345,Rea,Bulleyn,University of Mobile,Real Estate Transactions,rbulleyn9k@hud.gov,
346,Lilli,Nutt,University of Social Welfare and Rehabilitation Scinences,OS/400,lnutt9l@dyndns.org,11
347,Laurena,Seagrave,"Islamic Azad University, Mobarakeh",Store Management,lseagrave9m@diigo.com,
348,Emogene,Allender,University of Osteopathic Medicine and Health Science,Utility Construction,eallender9n@cornell.edu,
349,Aloysius,Sugarman,University of Bucharest,Online Research,asugarman9o@ifeng.com,
350,Christoffer,Toovey,University of Siena,Ajax4JSF,ctoovey9p@digg.com,
351,Dita,Snufflebottom,Salisbury State University,JNDI,dsnufflebottom9q@nps.gov,
352,Carolina,O'Hern,Yashawantrao Chavan Maharashtra Open University,Wyse,cohern9r@qq.com,
353,Sophronia,Krier,Osaka Shoin Women's College,RS Means,skrier9s@deviantart.com,
354,Muffin,Arnaudi,Tshwane University of Technology,MPEG,marnaudi9t@angelfire.com,
355,Gusta,Ousley,Lyndon State College,Deep Tissue Massage,gousley9u@msn.com,
356,Clarance,Breens,Suzuka International University,HP-UX,cbreens9v@csmonitor.com,
357,Dolf,Fullom,Northeast Agricultural University,IUI,dfullom9w@amazonaws.com,
358,Yolanda,Westman,Université de Gabès,TQM,ywestman9x@biglobe.ne.jp,
359,Nahum,Teaser,University of Texas Southwestern Medical Center at Dallas,Museums,nteaser9y@51.la,
360,Ashlee,Merigeau,California Lutheran University,DDR3,amerigeau9z@hexun.com,
361,Janessa,Sampson,Pavlodar University,AHDL,jsampsona0@youku.com,
362,Susy,Orehead,University of North Bengal,Quantitative Finance,soreheada1@bigcartel.com,
363,Dominga,Edgler,"Institute of Teachers Education, Melaka ",xCAT,dedglera2@blogtalkradio.com,
364,Elisha,Benedtti,St. Ambrose University,GDS systems,ebenedttia3@quantcast.com,
365,Gabriel,Badder,Physical Education Academy in Wroclaw,Norton Ghost,gbaddera4@arizona.edu,TX
366,Gizela,Pudge,Universidad del Centro de México,YAML,gpudgea5@wiley.com,
367,Bea,Fergie,Kyoto Sangyo University,Yardi Enterprise,bfergiea6@taobao.com,
368,Justinian,Siggs,Omsk State Medicical Academy,System Deployment,jsiggsa7@discovery.com,
369,Hube,Loud,Africa Nazarene University,Microbiology,hlouda8@tuttocitta.it,
370,Catarina,Meir,Gezira College of Technology,Management Due Diligence,cmeira9@tripod.com,GA
371,Osgood,Aukland,"Florida Metropolitan University, Tampa College",Workforce Management,oauklandaa@independent.co.uk,
372,Zollie,Lelliott,Mount Meru University,DLNA,zlelliottab@harvard.edu,
373,Forrester,Franceschino,Dhirubhai Ambani Institute of Information and Communication Technology,Metal Fabrication,ffranceschinoac@multiply.com,
374,Ursulina,Rack,Ghana Christian University College,Human Computer Interaction,urackad@sakura.ne.jp,SON
375,Kally,MacFadden,Institut Commercial de Nancy,Childhood Obesity,kmacfaddenae@flickr.com,A8
376,Jere,Terry,Massachusetts School of Professional Psychology,JPEG,jterryaf@google.de,
377,Samara,Skrine,Bethel College Newton,Numerical Simulation,sskrineag@feedburner.com,BC
378,Elinore,Warden,"Islamic Azad University, Shiraz",DNA electrophoresis,ewardenah@cloudflare.com,
379,Madge,Fenelow,Ecole Nationale Vétérinaire de Lyon,OWASP,mfenelowai@bandcamp.com,
380,Levey,Wigan,Illinois College of Optometry,NREMT,lwiganaj@bing.com,
381,Luis,Vannoni,Universidade Católica de Goiás,Working Abroad,lvannoniak@prweb.com,
382,Colene,Keeling,Alfred Nobel University of Economics and Law ,Biblical Studies,ckeelingal@uol.com.br,
383,Dotti,FitzGeorge,Malaspina University College,Image Manipulation,dfitzgeorgeam@webmd.com,B8
384,Francisco,Caraher,Naif Arab University for Security Sciences,Area Rugs,fcaraheran@livejournal.com,
385,Valentin,Lamprey,Pan Africa Christian University,Fitness,vlampreyao@flickr.com,16
386,Omar,de Villier,Goa University,TDR,odevillierap@bbb.org,
387,Daniela,Yakebowitch,Knowledge International University,MyChart,dyakebowitchaq@163.com,
388,Anthe,Tabb,Daido Institute of Technology,Axis2,atabbar@slashdot.org,
389,Bartel,Lideard,University of Saint Joseph,BBEdit,blideardas@free.fr,B9
390,Marwin,Petyakov,State University of New York College at Old Westbury,SAP,mpetyakovat@odnoklassniki.ru,
391,Jameson,Crosson,University of Trnava,TS,jcrossonau@blinklist.com,
392,Chandal,Steptow,Universidad Fray Luca Paccioli,.htaccess,csteptowav@friendfeed.com,
393,Abra,Mulcaster,"Institute of Teachers Education, Batu Lintang",IVT,amulcasteraw@google.ca,
394,Gardiner,Curphey,"Troy University, Phenix City",SWOT analysis,gcurpheyax@harvard.edu,
395,Dolorita,Akam,Kochi University of Technology,MQL,dakamay@ow.ly,
396,Silvie,Hulburt,Rusangu University,DBE,shulburtaz@altervista.org,
397,Thedrick,Royston,Université du Burundi,RTCP,troystonb0@go.com,
398,Kynthia,MacCulloch,Universidad Central,JCIDS,kmaccullochb1@google.pl,
399,Orion,Craythorne,Instituto Politécnico de Portalegre,Hmong,ocraythorneb2@state.gov,
400,Allyn,Sprull,"University of Maine, Presque Isle",Test Driven Development,asprullb3@delicious.com,
401,Braden,Tipling,Newman University,After FX,btiplingb4@berkeley.edu,
402,Levi,Curwen,Academy of Public Administration,IPTV,lcurwenb5@hhs.gov,
403,Nixie,Gaskell,National Cheng Kung University,Pharmacy Benefit Management,ngaskellb6@people.com.cn,
404,Che,Ebanks,Ashikaga Institute of Technology,Women Owned Business,cebanksb7@last.fm,
405,Jacinthe,Cranmere,Marlboro College,BS7799,jcranmereb8@wsj.com,
406,Dorelia,Wankling,Ecole Nationale d'Ingénieurs des Techniques des Industries Agricoles et Alimentaires,Quantitative Research,dwanklingb9@theguardian.com,
407,Rheta,Crother,Ajman University of Science & Technology,Cerner CCL,rcrotherba@epa.gov,
408,Hurley,Janeczek,University of Bath,Operational Efficiency,hjaneczekbb@phpbb.com,
409,Hinda,Alcido,University of Paisley,Urban Forestry,halcidobc@youtube.com,
410,Lorettalorna,Sooley,Indian Institute of Information Technology and Management - Kerala,Agency MBS,lsooleybd@sciencedaily.com,
411,Emeline,Lernihan,Takestan Islamic Azad University,iView,elernihanbe@yelp.com,
412,Hirsch,Almack,Mountains of the Moon University,VLC,halmackbf@ezinearticles.com,
413,Portia,Reah,Polytechnic University of Tirane,VBAC,preahbg@baidu.com,
414,Josh,Lowes,Baylor College of Medicine,FMEA,jlowesbh@imgur.com,
415,Judas,Lindblad,State University of New York College of Technology at Alfred,Kofax,jlindbladbi@devhub.com,
416,Godiva,Deeney,Universidad Nacional de Santiago del Estero,Korean,gdeeneybj@latimes.com,
417,Barclay,Blackmore,Tashkent Medical Academy,Youth Leadership,bblackmorebk@acquirethisname.com,
418,Cooper,Gullifant,Westhill University,BSR Advance,cgullifantbl@washington.edu,
419,Eberhard,MacGaughey,Fine Arts Academy in Gdansk,xBase,emacgaugheybm@answers.com,
420,Cobby,Housam,Universidad Anáhuac,Personnel Management,chousambn@themeforest.net,
421,Richart,Arlt,City University College of Science and Technology,PJM,rarltbo@last.fm,
422,Arnuad,Ketcher,Universidad Nacional del Nordeste,Branch Banking,aketcherbp@slashdot.org,
423,Allyn,Dimanche,Universidad Autonoma Monterrey,Systems Design,adimanchebq@illinois.edu,
424,Tova,Hindes,Universitas Wisnuwardhana,Nightclub,thindesbr@google.co.jp,
425,Haslett,Glasspoole,Chinhoyi University of Technology,NLS,hglasspoolebs@artisteer.com,
426,Caye,Foxworthy,"University of Houston, Victoria",Tourism,cfoxworthybt@amazon.co.uk,
427,Orville,Tilmouth,Aichi Medical University,Electronic Trading,otilmouthbu@amazon.co.uk,
428,Wynn,Leete,South Asian University,Human Rights,wleetebv@bing.com,B7
429,Barry,Fraschini,Kisii University,OAM,bfraschinibw@toplist.cz,
430,Stevie,Earey,European Carolus Magnus University,Personal Training,seareybx@e-recht24.de,
431,Alvina,Stonhouse,International Culinary Institute (ICI),IBM Utilities,astonhouseby@theguardian.com,
432,Johnnie,Easum,Institut Sains dan Teknologi Al Kamal,CQB,jeasumbz@jimdo.com,
433,Reed,Rohan,Otani University,QRadar,rrohanc0@amazon.co.uk,
434,Laurena,Mozzi,"Florida Metropolitan University, Tampa College",Rock Climbing,lmozzic1@nsw.gov.au,
435,Kalindi,Ekell,Ecole des Hautes Etudes Industrielles de Lille,Audio Typing,kekellc2@cargocollective.com,
436,Seana,D'Alessandro,Universidade Estadual do Vale do Acaraú,SDK,sdalessandroc3@netvibes.com,
437,Georgiana,Dwine,Universitat Internacional de Catalunya,OxMetrics,gdwinec4@nbcnews.com,
438,Gideon,Nellies,Qufu Normal University,LVM,gnelliesc5@nps.gov,
439,Stephana,Tewelson,Dicle (Tirgris) University,GCIA,stewelsonc6@mail.ru,
440,Hubie,Moore,Hanyang University,Risk Analysis,hmoorec7@cornell.edu,
441,Elmer,Gagin,Elizabethtown College,Yahoo Search Marketing,egaginc8@hugedomains.com,
442,Jaymee,Dixon,St. Petersburg State Mining Institute (Technical University),eCTD,jdixonc9@si.edu,
443,Jeramey,Itchingham,Université René Descartes (Paris V),Employee Management,jitchinghamca@shop-pro.jp,BC
444,Griff,Egle,Universidad Nacional de Cuyo,Waxing,geglecb@github.com,
445,Henderson,Ivanchov,Manarat International University,JBoss Application Server,hivanchovcc@acquirethisname.com,
446,Brear,Connell,Universidad Francisco de Paula Santander,Equities,bconnellcd@google.fr,
447,Lorelle,Amberg,Beijing University of Aeronautics and Astronautics,Literacy,lambergce@independent.co.uk,A1
448,Emily,Feechan,Universidad de Flores - Buenos Aires,KDB,efeechancf@patch.com,
449,Woody,Maystone,Universidade Paulista,Exercise Physiology,wmaystonecg@tripod.com,
450,Brianna,Napolitano,Dublin Institute of Technology,Adult Education,bnapolitanoch@marriott.com,
451,Marlon,Commings,Western State University College of Law,BCM,mcommingsci@tripod.com,
452,Elfrieda,Gidney,University of Lower Silesia of the Association for the Advancement of Education in Wroclaw.,Kanban,egidneycj@fema.gov,
453,Arlette,Day,Northcentral University,Fine Art,adayck@mac.com,
454,Dorrie,Dorkin,Centro de Estudios Universitarios Xochicalco,Salesforce.com,ddorkincl@bizjournals.com,
455,Issiah,Seger,State University of New York College at Old Westbury,Emergency Management,isegercm@de.vu,
456,Bree,Patel,Western New Mexico University,wxWidgets,bpatelcn@fda.gov,
457,Robbi,Etherington,Hiroshima Institute of Technology,Cisco VoIP,retheringtonco@arstechnica.com,
458,Reece,Salazar,Universidad Autónoma de Sinaloa,MDaemon,rsalazarcp@last.fm,
459,Joete,Febry,Medical College of Georgia,nCloth,jfebrycq@typepad.com,
460,Latashia,McGaraghan,Goa University,DNA fingerprinting,lmcgaraghancr@indiatimes.com,
461,Leandra,Siddens,St. Petersburg State Institute of Technology (Technological University),Oilfield,lsiddenscs@opera.com,WA
462,Marwin,Paquet,University of North West,Screening,mpaquetct@flickr.com,
463,Nessie,De Laci,College of Europe,EBIT,ndelacicu@addthis.com,
464,Buckie,Destouche,State University of New York at Albany,EF,bdestouchecv@craigslist.org,
465,Caron,Petschel,Orenburg State University,HMRC enquiries,cpetschelcw@facebook.com,
466,Wain,Slavin,Changsha University of Electric Power,Brain Gym,wslavincx@ebay.com,JHR
467,Yance,Gissop,"Institute of Latin American Studies, University of London",Graphics,ygissopcy@google.es,
468,Neile,Mistry,Boston Architectural Center,Bylined Articles,nmistrycz@spiegel.de,
469,Nikolaus,Casassa,Ecole Nationale Supérieure des Mines d'Alès,WDM,ncasassad0@fda.gov,
470,Jed,Jacquest,National Kaohsiung University of Applied Sciences,Cost Accounting,jjacquestd1@elegantthemes.com,
471,Jody,Rameau,Universidad Nacional Hermilio Valdizan,DGFT,jrameaud2@google.fr,
472,Arni,Phizakarley,Ivano-Frankivsk National University of Oli and Gas,Short Sales,aphizakarleyd3@dell.com,
473,Liesa,Bowart,Shanghai International Studies University,SAP HR,lbowartd4@woothemes.com,03
474,Patsy,Kinrade,Ecole Nationale Supérieur des Ingénieur des Etudes et Techniques d'Armement,CSLA,pkinraded5@arizona.edu,09
475,Patin,Bolitho,Guangdong Polytechnic Normal University,Zines,pbolithod6@ow.ly,
476,Edmund,Bentick,"Johnson & Wales University, Charleston",Psychopharmacology,ebentickd7@livejournal.com,
477,Corabelle,Frain,LICCSAL Business College,Italian,cfraind8@tinypic.com,
478,Fred,Wolfers,Fayetteville State University,CME,fwolfersd9@clickbank.net,
479,Nanice,Ding,Universidad Metropolitana,Kundalini,ndingda@washingtonpost.com,
480,Audrey,Viste,Universidade Federal da Paraíba,JTest,avistedb@whitehouse.gov,
481,Yolanda,Ortell,Ecole Nationale Supérieure des Industries Textiles de Mulhouse,Kohana,yortelldc@skyrock.com,
482,Ferd,Hindhaugh,Tashkent Institute of Irrigation and Melioration,EPANET,fhindhaughdd@theguardian.com,D
483,Anderson,Kerrigan,Université de Toulouse-le-Mirail (Toulouse II),Franchising,akerrigande@mlb.com,B9
484,Alexei,Sandercock,International Hellenic University,Cash Flow,asandercockdf@umich.edu,
485,Jordanna,Varey,Universitas Muhammadiyah Jakarta,Medical Illustration,jvareydg@jimdo.com,
486,Aggi,Swine,Daystar University,Physicians,aswinedh@theguardian.com,
487,Lenci,Biernat,Adygeja State University,Sustainable Development,lbiernatdi@ebay.com,
488,Clotilda,Rosenbarg,Tibet Agricultural and Animal Husbandry College,Civil Society,crosenbargdj@yelp.com,
489,Petronella,Escreet,Universidad Ricardo Palma,Twisted,pescreetdk@oracle.com,
490,Valle,Brabbs,Medizinische Hochschule Hannover,Black &amp; White,vbrabbsdl@nature.com,
491,Sydelle,Sadd,"University of Shkodra ""Luigj Gurakuqi""",Citrix XenDesktop,ssadddm@tripod.com,
492,Clare,Cicconettii,Fine Arts Academy Wladyslaw Strzeminski in Lodz,HSS,ccicconettiidn@flickr.com,
493,Louisa,Kayser,Visvesvaraya National Institute of Technology,Telephone Skills,lkayserdo@1688.com,
494,Allis,Dantesia,Abdus Salam international centre for theoretical physics,Driven By Results,adantesiadp@skype.com,
495,Trudey,Haime,Babson College,IT Governance,thaimedq@toplist.cz,
496,Adrianne,Dalbey,University of Balochistan,Outside Sales,adalbeydr@nytimes.com,
497,Carley,Kewley,Ateneo de Manila University,Psychometrics,ckewleyds@tripadvisor.com,
498,Brita,Diss,University Konstantina Filozov in Nitra,Store Management,bdissdt@cafepress.com,
499,Abbott,Fahrenbacher,Mugla University,AES,afahrenbacherdu@europa.eu,09
500,Gilli,Gartan,University of Management and Marketing,Utility Locating,ggartandv@nhs.uk,
501,Tanhya,Bygrave,Silver Lake College,Electronic Trading,tbygravedw@mediafire.com,
502,Fey,Dodworth,Université de Biskra,Equity Research,fdodworthdx@newsvine.com,
503,Koressa,Stellin,Randolph-Macon College,DITA XML,kstellindy@ft.com,
504,Allis,Mendenhall,University of Gastronomic Sciences,IP Cameras,amendenhalldz@aol.com,BD
505,Lynsey,Caudle,Himeji Institute of Technology,Japanese to English,lcaudlee0@myspace.com,
506,Stafford,Humphrys,Lead City University of Ibadan,Public Safety,shumphryse1@yale.edu,
507,Nalani,Abbotts,CMJ University,Audio Engineering,nabbottse2@feedburner.com,
508,Shayne,Bridgstock,Universidad Nacional de General San Martín,Board Certified,sbridgstocke3@springer.com,COL
509,Kinnie,Helliwell,Northeastern University,Gynecologic Oncology,khelliwelle4@netvibes.com,
510,Roarke,Fieller,Universidad Alas Peruanas,Gas Chromatography,rfiellere5@alibaba.com,
511,Cleve,Anfosso,Università Pontificia Salesiana,Apache Ivy,canfossoe6@bluehost.com,
512,Andrew,Cassam,Universidad Católica del Norte,Lotus Notes,acassame7@alibaba.com,
513,Catha,Sultana,University of Wisconsin - La Crosse,DCF,csultanae8@reverbnation.com,
514,Brandais,Manueau,Universidade Federal de Lavras,Employee Engagement,bmanueaue9@nasa.gov,
515,Dannie,Guillerman,Fachhochschule Niederrhein,Toyota Production System,dguillermanea@paginegialle.it,
516,Silvio,Batey,Felician College,Translation,sbateyeb@umn.edu,
517,Mathian,Bourgaize,Universidade Moderna de Lisboa,Unreal Editor,mbourgaizeec@berkeley.edu,
518,Nester,Tiler,Universidad Nicaragüense de Ciencia y Tecnológica,Vendor Relationship Management,ntilered@google.com.br,
519,Dante,Strain,Dongshin University,Biopharmaceuticals,dstrainee@reuters.com,
520,Verine,Balshaw,University of Rajshahi,International HR,vbalshawef@canalblog.com,
521,Roberta,Millin,Institute of Management and Technical Studies ,IXIA,rmillineg@csmonitor.com,
522,Cecilio,Andriessen,Altai State Medical University,Food Safety,candriesseneh@shop-pro.jp,
523,Lonny,Denyukin,Herat University,QPSK,ldenyukinei@google.pl,
524,Lynnea,Wellfare,International Centre for Isclamic Science,Operational Oversight,lwellfareej@tinypic.com,
525,Mycah,Seifenmacher,EarthNet Institute,General Aviation,mseifenmacherek@e-recht24.de,
526,Rebbecca,Kleiner,Donau-Universität Krems,CP,rkleinerel@cpanel.net,
527,Barnie,Kigelman,Nara Sangyo University,Rhythm Guitar,bkigelmanem@engadget.com,
528,Roderic,Jina,Calvin College,Quantitative Finance,rjinaen@artisteer.com,
529,Guinevere,Burkhill,Universidad del Bío-Bío,CQA,gburkhilleo@blinklist.com,
530,Vivien,Huckell,Technische Fachhochschule Wildau,NTSC,vhuckellep@boston.com,
531,Desdemona,Aikin,Ibaraki University,Pay TV,daikineq@bigcartel.com,
532,Orbadiah,Howitt,Dankook University,Office Equipment,ohowitter@wufoo.com,
533,Marchelle,Rosenau,Bangladesh University of Professionals,Employer Branding,mrosenaues@taobao.com,ON
534,Isador,Hamments,Universitas Muhammadiyah Malang,Pressure Vessels,ihammentset@tuttocitta.it,
535,Chryste,Ebbetts,University of Sheffield,FSL,cebbettseu@etsy.com,
536,Kelsey,Mattiussi,"University of Maine, Machias",Whole Life,kmattiussiev@usa.gov,
537,Bax,Cattach,Agricultural University of Cracow,HP-UX,bcattachew@gov.uk,A1
538,Melisandra,Lucus,Centro de Estudios Avanzados de Puerto Rico y el Caribe,CFDs,mlucusex@reuters.com,
539,Odelle,Capehorn,Pontificia Università Lateranense,FTIR,ocapehorney@stanford.edu,T
540,Mae,Trangmar,Audrey Cohen College,Mobile Applications,mtrangmarez@reference.com,
541,Adamo,Vause,Universidad Jóse Vasconcelos,OOAD,avausef0@meetup.com,
542,Therine,Parmenter,Panjab University,RhinoCAM,tparmenterf1@imageshack.us,
543,Torrin,Storm,St. Bernard's Institute,Operational Oversight,tstormf2@themeforest.net,
544,Cathee,Eayrs,Universidad Marcelino Champagnat,XTRAC,ceayrsf3@businessinsider.com,
545,Gnni,Normadell,Chiba University,Analytical Chemistry,gnormadellf4@dmoz.org,
546,Lucretia,Woolager,Universidad Técnica de Manabí,Hydraulic Systems,lwoolagerf5@si.edu,
547,Glen,Koppke,Belarussian State University,WLR3,gkoppkef6@geocities.jp,F
548,Korney,Kenson,University of Iasi,AC/DC,kkensonf7@rambler.ru,
549,Tedi,Boribal,ICFAI University,IKEv2,tboribalf8@mac.com,
550,Stephie,Fernanando,"Jain University, Centre for Management Studies",CNC Operation,sfernanandof9@zdnet.com,
551,Bonnee,Bennie,Oregon Health Sciences University,Escrow,bbenniefa@epa.gov,
552,Berti,Clemson,Delijan Payame Noor University,DMR,bclemsonfb@eepurl.com,
553,Valentino,Duffin,Meiji University,Income Tax,vduffinfc@reuters.com,TAS
554,Letti,Devey,Ternopil Academy of National Economy,HTML Help Workshop,ldeveyfd@chron.com,
555,Allin,Gerlack,Universidad de Deusto,Steam Turbines,agerlackfe@tuttocitta.it,
556,Caitlin,Crankshaw,Université Nancy II,Retail Banking,ccrankshawff@bizjournals.com,
557,Tana,Casazza,National Taiwan Ocean University,Outdoor Recreation,tcasazzafg@bloglovin.com,
558,Corrie,Mengue,Gandhara Institute of Medical Sciences,Jewish Education,cmenguefh@bloglines.com,
559,Koralle,Kohrding,Université Chrétienne Bilingue du Congo,Managed Care,kkohrdingfi@usgs.gov,04
560,Gonzalo,Berndtssen,Yanbian University,Estate Planning,gberndtssenfj@zdnet.com,
561,Elisabetta,Clapston,Arab Academy for Banking and Financial Sciences,European Affairs,eclapstonfk@123-reg.co.uk,
562,Lorianne,Truesdale,Theologische Hochschule Friedensau,IBM XIV,ltruesdalefl@csmonitor.com,
563,Lek,Headrick,Aga Khan University,Visual Identity,lheadrickfm@ehow.com,
564,Erick,Dowsett,Eugene Bible College,Reverse Osmosis,edowsettfn@mapquest.com,NAY
565,Carly,Golston,Qazvin University of Medical Sciences,Military Operations,cgolstonfo@reuters.com,
566,Krystalle,Yegorkov,Theologische Fakultät Trier,BPF,kyegorkovfp@nbcnews.com,
567,Ingra,Prattington,Universitas HKBP Nommensen,IAD,iprattingtonfq@bloglovin.com,
568,Fifi,Domnick,Institut National des Postes et Télécommunications,WMOS,fdomnickfr@issuu.com,
569,Dawna,Bacup,Dordt College,iPod,dbacupfs@about.com,
570,Mallissa,Kalker,University of Wolverhampton,Robotics,mkalkerft@cnbc.com,
571,Morganica,Monan,Katholische Hochschule für Soziale Arbeit Saarbrücken,Tier II Reporting,mmonanfu@1und1.de,
572,Jonis,McCurlye,Advance Tertiary College,Juvenile Delinquency,jmccurlyefv@over-blog.com,
573,Ardis,Bartosik,Vietnam National University Ho Chi Minh City,Clinical Nutrition,abartosikfw@google.com,
574,Walton,Mc Caghan,Kabul Health Sciences Institute,DPR,wmccaghanfx@mozilla.com,
575,Mackenzie,Neicho,Inje University,ODBC,mneichofy@engadget.com,
576,Orv,Potes,Hodges University,Automotive Aftermarket,opotesfz@java.com,
577,Wadsworth,Rives,Ho Chi Minh City University of Law,Hardware Architecture,wrivesg0@whitehouse.gov,
578,Linn,Soares,Taipei Physical Education College,Eyewonder,lsoaresg1@tamu.edu,
579,Lavena,Puddin,Chubu University,XForms,lpudding2@hubpages.com,JAL
580,Karoly,Crutchfield,University of Bialystok,NDT,kcrutchfieldg3@washington.edu,
581,Nevile,Seakes,Tui Online University,Video over IP,nseakesg4@vistaprint.com,E
582,Whitney,Bessom,Sabzevar Teacher Training University,BPEL,wbessomg5@lycos.com,
583,Brigham,Bris,Morningside College,ISO/TS 16949,bbrisg6@php.net,
584,Alysa,Offner,International University College,Artistic Abilities,aoffnerg7@twitter.com,
585,Clementia,Dymocke,International People's College,SSD,cdymockeg8@blog.com,
586,Modesta,Edinborough,Tokai Gakuen University,Efficent,medinboroughg9@cocolog-nifty.com,
587,Rosaline,Cudbird,Daito Bunka University,Electrical Design,rcudbirdga@dell.com,
588,Lexy,Cammiemile,Kochi University of Technology,FSI,lcammiemilegb@nsw.gov.au,
589,Valencia,Secombe,Louisiana State University at Eunice,European Politics,vsecombegc@army.mil,
590,Anne-marie,Djekic,Forest Institute of Professional Psychology,HSM,adjekicgd@merriam-webster.com,11
591,Bobinette,Cass,Universidad EAFIT,Data Modeling,bcassge@sina.com.cn,A2
592,Madelena,Porte,Mid-American Bible College,Press Releases,mportegf@ask.com,B4
593,Wilona,Lukianovich,University of Indianapolis in Athens,Boat,wlukianovichgg@bigcartel.com,N
594,Mendie,Gaskin,Pyramid Education Center,DDA compliance,mgaskingh@businessinsider.com,
595,Tad,Bullan,"Benedictine University, Springfield College in Illinois",UI Automation,tbullangi@youku.com,
596,Byram,Beacroft,University of Miskolc,CFDs,bbeacroftgj@biglobe.ne.jp,
597,Darleen,Featonby,University of Peloponnese,MFG-Pro,dfeatonbygk@weebly.com,
598,Jami,Gartland,Ecole Nationale Supérieure des Mines de Nancy,Omeka,jgartlandgl@toplist.cz,
599,Locke,Willbond,Bangabandhu Sheikh Mujibur Rahman Medical University,Fax,lwillbondgm@angelfire.com,16
600,Adaline,Trythall,Instituto Tecnológico de Aguascalientes,SQL PL,atrythallgn@paypal.com,
601,Gwenette,Addenbrooke,Muroran Institute of Technology,C-TPAT,gaddenbrookego@gravatar.com,B3
602,Bryon,Morefield,University of Warwick,Game Design,bmorefieldgp@craigslist.org,05
603,Loralee,McCaughey,Hanoi Medical University,TPX,lmccaugheygq@so-net.ne.jp,
604,Tedmund,Springford,Irbid National University,Vendor Relationship Management,tspringfordgr@eventbrite.com,
605,Tildi,Pallister,University Institute of Modern Languages,Sanction II,tpallistergs@nyu.edu,
606,Murvyn,Bethune,North Island College,Xactimate,mbethunegt@dion.ne.jp,
607,Roslyn,Dmitrichenko,"National University of Ireland, Maynooth",Zero Waste,rdmitrichenkogu@amazon.co.uk,10
608,Nickie,Poskitt,Mary Baldwin College,Successful Business Owner,nposkittgv@engadget.com,BD
609,Aksel,Phillp,Liaquat University of Medical & Health Sciences Jamshoro,fMRI,aphillpgw@blinklist.com,
610,Lydon,Scholler,Siam University,ML,lschollergx@fema.gov,
611,Nicolle,Valasek,Universidad de La Salle,AMSI,nvalasekgy@apache.org,
612,Kathie,Renny,Warnborough University,Entrust PKI,krennygz@tuttocitta.it,
613,Ariadne,Glenn,London School of Business & Finance,IT Service Delivery,aglennh0@csmonitor.com,
614,Wandie,Bentote,"Webster University, Vienna",Cisco IOS,wbentoteh1@weather.com,
615,Heloise,Pentycross,Washington State University,Zend Certified Engineer,hpentycrossh2@twitpic.com,
616,Tiebout,Melledy,Chiang Mai University,At-risk,tmelledyh3@cbslocal.com,
617,Salvatore,Tapper,Shanghai Ouhua Vocational Technical College,Logistics,stapperh4@rediff.com,
618,Dix,Mellmer,"European Graduate School, Media & Communications",pfSense,dmellmerh5@shinystat.com,
619,Corrina,De Francesco,Rheinisch Westfälische Technische Hochschule Aachen,Acting,cdefrancescoh6@amazon.com,
620,Mireille,Fursse,Ural State Forestry Technical Academy,ICAO,mfursseh7@economist.com,
621,Grissel,Bernhardsson,University of Zadar,NG-SDH,gbernhardssonh8@slashdot.org,
622,Jannel,Rolph,"Islamic Azad University, Najaf Abad",New Urbanism,jrolphh9@go.com,
623,Faydra,Baurerich,Hogeschool Inholland,Aerospace Structures,fbaurerichha@mtv.com,
624,Hannis,Cawdron,"Florida Metropolitan University, Tampa College",Working at Height,hcawdronhb@china.com.cn,
625,Egor,Huke,Universidad de Oriente,EOD,ehukehc@msu.edu,
626,Horatio,Izacenko,Universitas Sanata Dharma,UV,hizacenkohd@domainmarket.com,
627,Dagny,Wardington,Boise State University,DBVisualizer,dwardingtonhe@discovery.com,
628,Levon,Broughton,Kota Kinabalu Polytechnic,AMSI,lbroughtonhf@quantcast.com,
629,Malory,Downgate,Tri-State University,Gas Chromatography,mdowngatehg@tmall.com,
630,Gib,Anfrey,Technical University of Kielce,KRA,ganfreyhh@jugem.jp,
631,Gustaf,Stollmeyer,"University of Houston, Downtown",Vector Illustration,gstollmeyerhi@google.com,SC
632,Ivy,Juris,Angeles University,DDI,ijurishj@phoca.cz,
633,Adi,Skentelbery,Portland State University,Eyeliner,askentelberyhk@topsy.com,
634,Hannie,Marciskewski,"National University of Ireland, Maynooth",DNS Management,hmarciskewskihl@tripod.com,JAL
635,Goober,Beneteau,International Centre for Isclamic Science,BMD,gbeneteauhm@buzzfeed.com,SBH
636,Melinde,Ivain,Izhevsk State Technical University,MBAL,mivainhn@goo.gl,
637,Leif,Burgin,Karachi School of Art,NCPDP,lburginho@google.es,
638,Scott,Alexsandrowicz,Slovak University of Technology in Bratislava,Olive Oil,salexsandrowiczhp@twitpic.com,
639,Debby,Greber,Lamar University - Port Arthur,DVB-C,dgreberhq@indiatimes.com,
640,Kyle,Gumm,Universidad Nacional Experimental Romulo Gallegos,Iptables,kgummhr@dion.ne.jp,
641,Shir,Daniaud,Paris-Sorbonne University Abu Dhabi,Managerial Finance,sdaniaudhs@omniture.com,
642,Geoff,Toffler,Free University of Tbilisi,Wound Care,gtofflerht@dedecms.com,A1
643,Marijn,Ferrelli,Dublin City University,Judicial Review,mferrellihu@youtube.com,
644,Ursola,Jeenes,Universitas Indonusa Esa Unggul,RSLinx,ujeeneshv@theatlantic.com,
645,Bartel,Jervois,Xinjiang Agriculture University,RTC,bjervoishw@omniture.com,VER
646,Penn,Bleby,Ecole Supérieure de Physique et de Chimie Industrielles,JTA,pblebyhx@sogou.com,
647,Tiphany,Stevani,University of the Sacred Heart Tokyo,HUMINT,tstevanihy@google.es,
648,Jannelle,Samudio,National College of Chiropractic,Logic Pro,jsamudiohz@theguardian.com,
649,Dru,Willishire,Chinese People's Public Security University,Utilization,dwillishirei0@abc.net.au,
650,Zuzana,Eltune,Aichi Prefectural University of Fine Arts & Music,Affiliate Management,zeltunei1@mapquest.com,
651,Torey,Carvilla,Kyoto Institute of Technology,Microsoft Dynamics SL,tcarvillai2@google.it,
652,Lusa,Rochester,Universidad de Mendoza,Undercover,lrochesteri3@flickr.com,
653,Juliane,Westfalen,Al-Wataniya Private University,HLR,jwestfaleni4@sina.com.cn,A8
654,Kleon,Anker,Northwest Missouri State University,Sony Vegas,kankeri5@phpbb.com,
655,Jena,Yakebowitch,Universidad Católica Popular del Risaralda,Radio Advertising,jyakebowitchi6@alibaba.com,14
656,Conchita,Brisset,University of Food Technology,EIP,cbrisseti7@github.io,06
657,Doro,Braisted,Trinity Bible College,UGS,dbraistedi8@amazonaws.com,
658,Tanner,Norwell,Chestnut Hill College,HTML Scripting,tnorwelli9@artisteer.com,
659,Myrilla,Swainston,Southwestern Adventist University,VPN,mswainstonia@nytimes.com,
660,Lorne,Jovanovic,Nippon Institute of Technology,CXO level engagement,ljovanovicib@seesaa.net,
661,Berri,Roche,Ecole Nationale Supérieure de Biologie Appliquée à la Nutrition et à l'Alementation,High Availability,brocheic@printfriendly.com,
662,Pavia,Appleyard,Universidad Los Andes,Blackberry Enterprise Server,pappleyardid@barnesandnoble.com,
663,Lorrin,Lawry,Bob Jones University,Disaster Recovery,llawryie@pbs.org,
664,Annaliese,Mottini,Ecole Nationale Supérieure des Mines d'Alès,NPI Management,amottiniif@acquirethisname.com,
665,Irene,O'Duilleain,Universidad de Almería,Carrier Ethernet,ioduilleainig@google.fr,
666,Salomon,De Blasi,University of Nevada - Reno,International NGOs,sdeblasiih@tamu.edu,
667,Immanuel,Spillett,Universitas Indonesia,DC-9,ispillettii@state.tx.us,
668,Arlan,Breakey,Water Resources University,Oil &amp; Gas Industry,abreakeyij@disqus.com,
669,Darb,Prazor,Tianjin University,Syslog-ng,dprazorik@seesaa.net,
670,Jasmina,Alps,Ecole Supérieure d'Optique,ESL,jalpsil@tuttocitta.it,
671,Mabel,Innett,Eastern Nazarene College,Iptables,minnettim@elegantthemes.com,
672,Harmonie,Duhig,Art Academy of Cincinnati,Keil,hduhigin@ezinearticles.com,
673,Harlan,Wardingly,Indian Veterinary Research Institute,Embedded SQL,hwardinglyio@ebay.co.uk,
674,Calypso,Botte,Universidad Metropolitana de Ciencias de la Educación,International Relations,cbotteip@whitehouse.gov,A6
675,Redd,Aires,Tomas Bata University in Zlin,Commercial Property Owners,rairesiq@posterous.com,D
676,Konstanze,Rentelll,North Georgia College,EGPRS,krentelllir@paypal.com,42
677,Danny,Syddall,Haynal Imre University of Health Sciences Budapest,Ethical Decision Making,dsyddallis@feedburner.com,
678,Guglielma,Vasyatkin,National Taichung Teachers College,Kettlebells,gvasyatkinit@virginia.edu,
679,Martin,Quarrington,Kanagawa University,Up-selling,mquarringtoniu@tiny.cc,W
680,Alfie,MacBey,Henan Univeristy,Biblical Studies,amacbeyiv@ucoz.com,MD
681,Brandea,Beatty,Universidad Nacional del Altiplano,Ajax4JSF,bbeattyiw@edublogs.org,A8
682,Carney,Busch,University of Resita,UV-Vis-NIR,cbuschix@pagesperso-orange.fr,
683,Shane,Jerg,Universidad de Santiago de Compostela,IGRP,sjergiy@youtube.com,TX
684,Eunice,Daggett,Universidad Autónoma del Estado de México,LSAT,edaggettiz@sakura.ne.jp,
685,Raquel,Venable,Universidad Hispanoamericana,Group Policy,rvenablej0@intel.com,
686,Berton,Tyer,"Technische Fachhochschule Georg Agricola für Rohstoff, Energie und, Umwelt zu Bochum",LCMS,btyerj1@home.pl,
687,Avril,Karby,Texas Woman's University,DVB-RCS,akarbyj2@ehow.com,A8
688,Ellene,Stutter,Unitomo Surabaya,IP VPN,estutterj3@adobe.com,
689,Biddie,Dowson,Penza State University,MyFaces,bdowsonj4@webs.com,
690,Marlon,Glewe,Nagoya Institute of Technology,Ticket Sales,mglewej5@craigslist.org,
691,Ettie,Shrimpton,Culver-Stockton College,UK Law,eshrimptonj6@dyndns.org,
692,Dalila,Deaville,Universidad Austral Buenos Aires,UART,ddeavillej7@nytimes.com,
693,Sean,Hargitt,Tamagawa University,Luxury Brand Marketing,shargittj8@upenn.edu,
694,Baxter,Fillingham,Tezukayama University,Geological Mapping,bfillinghamj9@pen.io,
695,Perry,Wingfield,Macon State College,Engineering,pwingfieldja@jalbum.net,NW
696,Vicky,MacDearmid,Miami University of Ohio - Middletown,Lead Generation,vmacdearmidjb@pinterest.com,
697,Shel,Ilsley,Methodist College,CFML,silsleyjc@cdc.gov,
698,Vicki,Froude,Institute of Business & Technology,MySQL Cluster,vfroudejd@nbcnews.com,
699,Suzie,Redsall,Hunan Normal University,Agents,sredsallje@blog.com,
700,Maddy,Tuny,Bangladesh University of Business & Technology,Brazilian Jiu-Jitsu,mtunyjf@youtube.com,
701,Spencer,Eddison,Politeknik Pos Indonesia,Epi Info,seddisonjg@creativecommons.org,
702,Griffie,Aggott,University of Petra,OID,gaggottjh@eepurl.com,
703,Janice,Vennard,Brigham Young University,Ultrasonic Welding,jvennardji@ucsd.edu,
704,Murry,Genner,Jai Narayan Vyas University,TKI,mgennerjj@sciencedirect.com,
705,Lindsay,Abbitt,Uganda Christian University,Luciferase Assay,labbittjk@utexas.edu,
706,Ambur,McCullock,Tashkent Institute of Irrigation and Melioration,KT,amccullockjl@google.es,
707,Harriett,Loweth,Aston University,VFX Supervision,hlowethjm@ifeng.com,
708,Martguerita,McFater,Institut de Recherche et d'Enseignement Supérieur aux Techniques de l'électronique,ArcGIS,mmcfaterjn@china.com.cn,TAM
709,Sinclare,Kohrs,Philadelphia College of Bible,Supply Chain,skohrsjo@pen.io,H
710,Leah,Bendall,Inchon University,Keyboard Skills,lbendalljp@washingtonpost.com,
711,Lancelot,Andino,World Maritime University,CNG,landinojq@macromedia.com,AB
712,Laryssa,Gilardengo,Pacific Union College,Piloting,lgilardengojr@dyndns.org,10
713,Marianne,Carlesso,Crichton College,UV Mapping,mcarlessojs@instagram.com,
714,Caresa,Hugueville,Nagoya University of Commerce and Business Administration,Keyshot,chuguevillejt@elegantthemes.com,
715,Rahal,Wigglesworth,Zhengda Software College,Kaizen,rwigglesworthju@fda.gov,
716,Yardley,Fairbourne,Florida International University,IFR,yfairbournejv@sogou.com,
717,Wayland,Wombwell,Miyagi University of Education,SNP genotyping,wwombwelljw@patch.com,
718,Rodina,Alyutin,Universidad de Sucre,RTC,ralyutinjx@weebly.com,
719,Arleta,Deeson,Sri Sathya Sai Institute of Higher Learning,ArcGIS,adeesonjy@vimeo.com,
720,Gladi,Lightollers,Universidade do Estado do Rio de Janeiro,Data Modeling,glightollersjz@clickbank.net,17
721,Budd,Birtley,Saratov State Agrarian University,Claims Handling,bbirtleyk0@tripod.com,FL
722,Iseabal,Jasper,Universidad Autónoma Metropolitana - Iztapalapa,PFS,ijasperk1@irs.gov,
723,Sibylle,Bonelle,Universidade do Porto,Cfengine,sbonellek2@fc2.com,
724,Alphard,Siddens,Al-Azhar University of Gaza,Food Quality,asiddensk3@exblog.jp,
725,Prince,Irce,Tongmyung University of Information Technology,Submittals,pircek4@amazon.co.jp,
726,Kacy,Challen,Rheinisch Westfälische Technische Hochschule Aachen,BTS Installation,kchallenk5@liveinternet.ru,KUL
727,Broderick,Bingell,Mondragon Univertsitatea,Yacht Deliveries,bbingellk6@t-online.de,
728,Jonie,Medgwick,Ashesi University,XPDL,jmedgwickk7@nsw.gov.au,
729,Prisca,Richold,American University of the Caribbean,Kofax,pricholdk8@ft.com,TX
730,Angelico,Winckworth,University Lucian Blaga of Sibiu,IEX Total View,awinckworthk9@feedburner.com,TX
731,Cilka,Baynham,Louisiana Baptist University,User-centered Design,cbaynhamka@msu.edu,
732,Tessi,Kilbee,Technological Education Institute of Larissa,RSVP-TE,tkilbeekb@globo.com,
733,Lemar,Dantesia,Blue Nile University,Buyer&#39;s Agent,ldantesiakc@drupal.org,
734,Chelsy,Maruszewski,Konan University,IEEE 802.3,cmaruszewskikd@archive.org,AB
735,Venus,Summerson,Lausanne Hotel School (EHL),NRA,vsummersonke@1und1.de,
736,Marchelle,Guyonneau,Sokoine University of Agriculture,Instructional Design,mguyonneaukf@sogou.com,
737,Temp,Quakley,Universidad Nacional Autónoma de Honduras,TTCN-3,tquakleykg@imageshack.us,
738,Roddie,Brumham,National Pingtung Teachers College,Xcode,rbrumhamkh@networkadvertising.org,
739,Morly,Halford,Europäische Fachhochschule,RS/6000,mhalfordki@mayoclinic.com,
740,Court,Galletly,Wenzhou University,At-risk,cgalletlykj@ovh.net,
741,Piggy,Fanstone,University College of Skövde,Windows NT,pfanstonekk@posterous.com,
742,Denys,Kytter,Greenheart Medical School,NIR Spectroscopy,dkytterkl@networkadvertising.org,
743,Ted,Lissemore,"University of Roma ""Tor Vergata""",Avid Xpress,tlissemorekm@hao123.com,AB
744,Locke,Ponnsett,Guilan University of Medical Sciences,GTAW,lponnsettkn@google.ru,
745,Rance,Rosenberg,National University of Uzbekistan,HVAC Design,rrosenbergko@imdb.com,MEX
746,Gweneth,Allnatt,Universidad Católica de Santo Domingo,Ruby on Rails,gallnattkp@yale.edu,
747,Rosabelle,Locker,Emory University,QRM,rlockerkq@google.co.jp,
748,Whittaker,Yuryaev,National University of Modern Languages,CQM,wyuryaevkr@ucsd.edu,ON
749,Ansell,Lucius,Academy of the Ministry of Internal Affairs of the Republic of Belarus,BTS,aluciusks@moonfruit.com,
750,Royal,Blanch,"Balti State University ""Alecu Russo""",Cisco Technologies,rblanchkt@bloglovin.com,
751,Austina,Cronkshaw,Sohag University,Fleet Management,acronkshawku@oaic.gov.au,
752,Devonne,Pane,Bogor Agricultural University,Oil Painting,dpanekv@auda.org.au,
753,Rafe,Mees,Tunku Syed Sirajuddin Polytechnic,Ethernet over SDH,rmeeskw@rediff.com,
754,Sianna,Drissell,Central Queensland University,IT Service Delivery,sdrissellkx@bigcartel.com,
755,Katie,Sille,Textile Institute of Pakistan,jQuery UI,ksilleky@hc360.com,
756,Yorgos,Silbermann,China Three Gorges University,VTL,ysilbermannkz@pinterest.com,AB
757,Kalle,Testo,University of Aleppo,GIS,ktestol0@bizjournals.com,
758,Dolph,Thrower,IntelliTec College - Grand Junction,UK Corporation Tax,dthrowerl1@webnode.com,
759,Foss,Carde,Tokyo University of Art and Design,Fashion Jewelry,fcardel2@businessweek.com,
760,Caitlin,Ower,Ferris University,Ecotect,cowerl3@desdev.cn,CO
761,Marleen,Hearons,Yokohama City University,FMVSS,mhearonsl4@cnn.com,
762,Keefe,Skinner,Kaunas Medical Academy,Mergers &amp; Acquisitions,kskinnerl5@imdb.com,
763,Casandra,Tease,Universidad Galileo,NNMi,cteasel6@posterous.com,
764,Darlene,Schofield,Hallym University,Eclipse,dschofieldl7@storify.com,
765,Star,Badsworth,Universidad de la Marina Mercante,Star-CCM+,sbadsworthl8@hubpages.com,
766,Perry,Brychan,Universitas Katolik Indonesia Atma Jaya,LLC,pbrychanl9@ted.com,TAS
767,Kittie,Son,Al-Manar University,Git,ksonla@freewebs.com,42
768,Garrard,Miners,Okayama Shoka University,ATP,gminerslb@posterous.com,
769,Felipa,Ritchman,Instituto Piaget,QSI,fritchmanlc@usda.gov,
770,Juana,Sabin,Al-hikmah University,Kyocera,jsabinld@japanpost.jp,
771,Lindsey,Yanyshev,"Islamic Azad University, Khorasgan",RMF,lyanyshevle@joomla.org,
772,Quentin,Choak,Medizinische Universität Wien,Molecular Dynamics,qchoaklf@jiathis.com,03
773,Marthena,Illem,Ashesi University,DDMS,millemlg@addthis.com,
774,Clemmie,Dragge,National Central University,FF&amp;E Procurement,cdraggelh@google.ru,
775,Thorsten,Grafton,Ecole Nationale Supérieure des Mines de Nancy,TNS,tgraftonli@dmoz.org,
776,Debby,Ceney,Universitas Hasanuddin,Immunology,dceneylj@php.net,
777,Sonia,Cussons,Universidad Regional del Sureste,TL9000,scussonslk@opensource.org,
778,Adara,Tunnock,Moscow State University of Ecological Engineering,NSN,atunnockll@lulu.com,
779,Marian,Pizer,Linköping University,MS Reporting Services,mpizerlm@businesswire.com,
780,Frederigo,Grinov,Fundación Universitaria de Boyacá,Multi-color Flow Cytometry,fgrinovln@comcast.net,
781,Stacy,Lennon,Kafr El-Sheikh University,TTP,slennonlo@theglobeandmail.com,
782,Elnora,Corbet,Samara State University of Economics,Venture Capital,ecorbetlp@i2i.jp,
783,Elisha,McQuaker,Imam Sadiq University,Myers-Briggs Certified,emcquakerlq@bloomberg.com,
784,Dredi,Braddon,Universidad Nacional de Educación Enrique Guzmán y Valle,FDT,dbraddonlr@gizmodo.com,14
785,Kay,Haldon,Technische Universität Hamburg-Harburg,MLD,khaldonls@mail.ru,
786,Newton,Gelder,Cukurova University,HBA,ngelderlt@bloglovin.com,S
787,Evan,Cumberpatch,Universidad Señor de Sipán,JTA,ecumberpatchlu@imgur.com,
788,Dill,Stuck,Sendai University,Airline Management,dstucklv@lulu.com,
789,Katee,Phillipp,Instituto Superior de Psicologia Aplicada,Valves,kphillipplw@bloomberg.com,
790,Junina,Minkin,National Institute of Industrial Engineering,Eyeliner,jminkinlx@va.gov,CA
791,Edithe,Nolte,Southeast University,Sales,enoltely@multiply.com,
792,Vi,Bracco,Eastern Washington University,Visio,vbraccolz@yahoo.co.jp,
793,Veronika,Bernolet,Coventry University,NDK,vbernoletm0@dell.com,
794,Kerstin,Whatsize,University of the Air,Customer Satisfaction,kwhatsizem1@hibu.com,VER
795,Kendrick,Brezlaw,Universidad Argentina de la Empresa,Lead Generation,kbrezlawm2@auda.org.au,
796,Malena,Lockey,Pädagogische Hochschule Freiburg,Watercolor,mlockeym3@google.nl,
797,Bevan,Schmuhl,Universität Dortmund,Process Efficiency,bschmuhlm4@booking.com,
798,Lizzy,Feckey,Trinity Bible College,JPOS,lfeckeym5@simplemachines.org,
799,Emile,Heaford,Kunmimg University of Science and Technology,Buyer&#39;s Agent,eheafordm6@acquirethisname.com,
800,Roshelle,Nazareth,Caucasus University,RFP Generation,rnazarethm7@posterous.com,06
801,Melany,McGibbon,Humboldt State University,MyFaces,mmcgibbonm8@businessweek.com,
802,Benedikta,Bertot,Campion College,Bloomberg Terminal,bbertotm9@princeton.edu,
803,Adriano,Guiel,Sage Graduate School,Yachting,aguielma@trellian.com,
804,Sophi,Richardet,Blue Mountain College,Judo,srichardetmb@csmonitor.com,
805,Andres,Sargerson,Busoga University,IB,asargersonmc@elegantthemes.com,MD
806,Livvie,Donkersley,The New School,Zoning,ldonkersleymd@cafepress.com,
807,Rem,Kienl,American College of Greece,Oxygen XML Editor,rkienlme@godaddy.com,
808,Vicki,Dobing,Sinte Gleska University,MSDS,vdobingmf@sogou.com,
809,Sarine,Garz,Palawan State University,Avaya Communication Manager,sgarzmg@yahoo.co.jp,
810,Malina,Barnsley,Université Notre Dame d'Haïti,Thermodynamics,mbarnsleymh@wsj.com,
811,Ikey,Stratz,Al-Birony University,Eggs,istratzmi@meetup.com,
812,Janean,Wyne,Universidad de Cartagena,XPages,jwynemj@stanford.edu,
813,Phebe,Sunock,Sardar Vallabhai Patel University of Agriculture Amd Technology,Transportation,psunockmk@technorati.com,
814,Florella,McHaffy,B.P.Koirala Institute of Health Sciences,Genetics,fmchaffyml@360.cn,
815,Larry,Heyward,Universidad Técnica de Ambato,Business Planning,lheywardmm@google.com.br,A8
816,Kippie,Brane,Green Mountain College,JProfiler,kbranemn@wunderground.com,
817,Charles,Hayesman,Universidad de Extremadura,XAMPP,chayesmanmo@amazon.com,
818,Curr,Nickels,Wollo University,FMCSR,cnickelsmp@redcross.org,
819,Rudiger,Convery,Tokiwa University,IVIVC,rconverymq@nhs.uk,
820,Morris,Garred,Texas Wesleyan University,OMA,mgarredmr@com.com,
821,Harmonia,Swetland,St. Joseph Group of Institutes,FDT,hswetlandms@chronoengine.com,
822,Klarrisa,MacNaughton,Universitas Ngurah Rai,MLB,kmacnaughtonmt@wikimedia.org,
823,Sidney,Tullett,Kurdistan University of Medical Sciences,MySQLi,stullettmu@tmall.com,
824,Estel,Hanwell,Oman College Of Management & Technology,Zooarchaeology,ehanwellmv@trellian.com,
825,Hephzibah,Sweeny,Yosu National University,TPD,hsweenymw@cnbc.com,
826,Ellsworth,McCord,Chongqing University of Communications,SDSF,emccordmx@123-reg.co.uk,
827,Gardie,Ferreras,Albright College,NHS,gferrerasmy@cdbaby.com,
828,Morley,Culbard,The Manchester Metropolitan University,Operational Risk Management,mculbardmz@hexun.com,
829,Abbott,Seebright,"Curtin University of Technology, Sarawak Campus",NSE,aseebrightn0@joomla.org,09
830,Ravi,Moyce,University of Idaho,Football,rmoycen1@usgs.gov,
831,Maurizia,Eldershaw,Universidade Federal de Rondônia,Kosher,meldershawn2@bloomberg.com,
832,Tobie,Antczak,College of Aeronautics,MCDBA,tantczakn3@github.com,
833,Marylin,Bewlie,Brest State University,AU,mbewlien4@quantcast.com,
834,Barbe,Frohock,Indian Board of Alternative Medicine,WS,bfrohockn5@skyrock.com,
835,Perry,Leonard,High Institute for Banking & Financial Studies,Akamai,pleonardn6@reference.com,SBH
836,Kittie,Kenealy,Università Pontificia Salesiana,CFR,kkenealyn7@wikia.com,
837,Dennie,Coffin,Kunstakademie Düsseldorf.,Alcohol Awareness,dcoffinn8@imageshack.us,
838,Nickolai,Ravens,Radboud University of Nijmegen,Jimmy Jib,nravensn9@blogs.com,
839,Enoch,Sibun,Hochschule für Politik (HFP),JNCIP,esibunna@timesonline.co.uk,A8
840,Kipp,Haily,Universidade para o Desenvolvimento do Alto Vale do Itajaí,HDTV,khailynb@dropbox.com,
841,Hermon,Durgan,University of Connecticut at Stamford,VJ,hdurgannc@nhs.uk,
842,Fairfax,Hymans,Technical University of Varna,Management,fhymansnd@imageshack.us,
843,Ely,Warrior,Universidad Veracruzana,First Year Experience,ewarriorne@webmd.com,
844,Sutton,Worboys,Escuela de Ingeniería de Antioquia,NAS,sworboysnf@uiuc.edu,
845,Katalin,Bordiss,"Universidad Nacional de la Patagonia ""San Juan Bosco""",Job Descriptions,kbordissng@howstuffworks.com,B9
846,Concettina,Fruish,Kharkiv National University of Radio Electronics,MPEG2,cfruishnh@shutterfly.com,NY
847,Claudine,Kilfether,Lutherische Theologische Hochschule Oberursel,Construction Loans,ckilfetherni@mashable.com,
848,Gerianne,Wedderburn,University of Southern Indiana,Character Rigging,gwedderburnnj@hp.com,
849,Conchita,Chamberlin,Soonchunhyang University,Cinematography,cchamberlinnk@who.int,
850,Chester,Papps,Azerbaijan National Conservatorie,SMT,cpappsnl@homestead.com,
851,Richmound,Feore,Université de Pau et des Pays de l'Adour,Criminal Law,rfeorenm@de.vu,
852,Bevon,Brickett,Al-Nasser University,Database Administration,bbrickettnn@163.com,
853,Enid,Edkins,Moscow State Technical University of Civil Aviation,VC-1,eedkinsno@dailymail.co.uk,
854,Marv,Savell,Clarke College,Software Documentation,msavellnp@ihg.com,
855,Helaina,Partleton,Hyogo University of Education,QMF,hpartletonnq@naver.com,16
856,Xenia,Pitrollo,Universidad Jóse Vasconcelos,TLM,xpitrollonr@jigsy.com,
857,Gasper,Cronkshaw,Jawaharlal Nehru Centre for Advanced  Scientific Research,VDM,gcronkshawns@google.ru,14
858,Gwenni,Filppetti,Taj International College,Oracle ERP,gfilppettint@360.cn,
859,Mitch,Wasbrough,Mulungushi University,Student Financial Aid,mwasbroughnu@google.cn,
860,Amandi,Jerdein,Chongqing Normal University,Glazing,ajerdeinnv@wisc.edu,MEX
861,Temp,Barthot,Université Paris Nord (Paris XIII),Air Compressors,tbarthotnw@amazon.co.uk,99
862,Gretal,Castellone,Toin University of Yokohama,PDL,gcastellonenx@pcworld.com,
863,Dannel,Baumann,Cornell College,Hudson,dbaumannny@yellowbook.com,
864,Alasdair,Loveguard,McGill University,Luminex,aloveguardnz@wix.com,
865,Lyndel,Friese,Harrington Institute of Interior Design,IEC 62304,lfrieseo0@loc.gov,
866,Alexis,Gadd,Southwest University of Finance and Economics,Objective-C,agaddo1@wisc.edu,
867,Waverley,Calderon,University of Southampton,Biochemistry,wcalderono2@smugmug.com,S
868,Casar,Uc,Belarussian State University of Informatics and Radioelectronics,Fund Administration,cuco3@g.co,
869,Richart,Kisar,North Carolina State University,GSE,rkisaro4@go.com,
870,Noble,Orteaux,Toyo University,SGE,norteauxo5@soup.io,
871,Bidget,Presho,Universidad La Republica,Utilization Management,bpreshoo6@51.la,
872,Myrtia,Quipp,University College of Trollhättan/Uddevalla,Human Factors,mquippo7@goodreads.com,
873,Lorri,Bunhill,University of Priština,Microsoft Dynamics GP,lbunhillo8@kickstarter.com,
874,Kayley,Middleditch,University of Toronto,GMLAN,kmiddleditcho9@sciencedirect.com,
875,Francklyn,Whittlesee,Technological University (Kyaing Tong),Administration,fwhittleseeoa@google.com,
876,Barrett,Herety,"Fachhochschule Schwäbisch Gmünd, Hochschule für Gestaltung",Spring Framework,bheretyob@tiny.cc,
877,Cecilla,Grimsdith,University of Dundee,IT Transformation,cgrimsdithoc@businessweek.com,
878,Zuzana,Manville,Shizuoka Sangyo University,Cash Management,zmanvilleod@state.tx.us,
879,Niles,Suttling,Fred Hutchinson Cancer Research Center,Pinterest,nsuttlingoe@noaa.gov,
880,Dredi,Mathew,Ryazan State Pedagogical University,Ethical Hacking,dmathewof@imgur.com,
881,Sonya,Avrahm,Trevecca Nazarene University,RSVP-TE,savrahmog@about.com,
882,Josias,Antonat,"University of Houston, Victoria",EMR,jantonatoh@home.pl,
883,Rosalind,Waldron,Université Ibn Zohr Agadir,Union Avoidance,rwaldronoi@hatena.ne.jp,
884,Libbie,Choulerton,Abu Dhabi University,OSHA,lchoulertonoj@noaa.gov,13
885,Cherie,Orsman,Universität Leipzig,HVAC Controls,corsmanok@gravatar.com,
886,Basia,Goodings,Institut Sains dan Teknologi Al Kamal,Ethernet over SDH,bgoodingsol@rambler.ru,
887,Antonina,Cesco,State University of New York Downstate Medical Center,TCAD,acescoom@live.com,ON
888,Bald,Tawton,"Institute of Commonwealth Studies, University of London",CNA,btawtonon@phpbb.com,B5
889,Herrick,Proom,The Union Institute,Big Box,hproomoo@wikipedia.org,
890,Karleen,Templeman,Universitas Slamet Riyadi Surakarta,Artistic Eye,ktemplemanop@disqus.com,
891,Mozes,Moloney,Institute of Business and Politics,Vray,mmoloneyoq@economist.com,
892,Justus,Drakeley,Takestan Islamic Azad University,iSCSI,jdrakeleyor@sourceforge.net,
893,Christabella,Murtimer,Tampere Polytechnic,JSA,cmurtimeros@simplemachines.org,TAS
894,Smith,Oakenfield,Brooks Institute of Photography,HP Blade,soakenfieldot@webs.com,
895,Anita,Soigoux,Thiagarajar College of Engineering,LLBLGen Pro,asoigouxou@homestead.com,11
896,Doris,Westnedge,Kumasi Polytechnic ,Immunology,dwestnedgeov@amazon.co.jp,
897,Garth,Cabena,St. Edwards University,Continuous Improvement,gcabenaow@si.edu,
898,Ulysses,Flanner,Universiti Malaysia Kelantan,JSLint,uflannerox@cbslocal.com,
899,Freddi,Szimon,St. Pauls University,Financial Modeling,fszimonoy@yandex.ru,
900,Brandy,Staining,Fachhochschule St. Pölten,XML Schema,bstainingoz@imdb.com,
901,Rodge,Crumly,"New Era College of Arts, Science & Technology",ZPL,rcrumlyp0@tinypic.com,A9
902,Marice,Bevis,Noakhali University of Science and Technology,Research,mbevisp1@cam.ac.uk,
903,Donni,Juschke,University of Aleppo,Workplace Safety,djuschkep2@livejournal.com,
904,Binny,Crathorne,Ecole Nationale Supérieure de Chimie et de Physique de Bordeaux,Web Content,bcrathornep3@cdc.gov,
905,Carena,Vacher,Auburn University at Montgomery,Pyrolysis,cvacherp4@addtoany.com,
906,Jemmy,Cumbes,Amoud University,BtB,jcumbesp5@wikimedia.org,
907,Perla,McElhargy,Srinakharinwirot University,SSOP,pmcelhargyp6@indiatimes.com,
908,Penny,Loadsman,Lewis and Clark College,Athletic Administration,ploadsmanp7@dropbox.com,
909,Blondell,Dishmon,South University of Science and Technology of China ,FCNSA,bdishmonp8@twitpic.com,
910,Rhiamon,Leckenby,Odessa National Maritime Academy,Juggling,rleckenbyp9@issuu.com,
911,Cynde,Pochin,NTI University,OWA,cpochinpa@fastcompany.com,
912,Osgood,Layfield,Beder University,cXML,olayfieldpb@sourceforge.net,
913,Phyllida,Brugh,Instituto Superior D. Afonso III - INUAF,DDI,pbrughpc@sina.com.cn,
914,Valentine,Handrick,Shawnee Community College,GDP,vhandrickpd@webmd.com,
915,Tiffi,Waples,Montclair State University,GIMP,twaplespe@taobao.com,IN
916,Mercedes,Learmouth,The Curtis Institute of Music,Yardi Enterprise,mlearmouthpf@dmoz.org,
917,Moise,Ancliff,Tenri University,QAM,mancliffpg@dropbox.com,
918,Jared,Lavallin,Athens Laboratory of Business Administration (ALBA),CCNP Certified,jlavallinph@sakura.ne.jp,
919,Gran,MacMenemy,Universidad Nacional Autonoma de Nicaragua,DTE,gmacmenemypi@umich.edu,AB
920,Pegeen,Kennet,University of Goroka,NGN,pkennetpj@seattletimes.com,
921,Ripley,Lennon,Amman University,Vendor Relations,rlennonpk@examiner.com,
922,Virgilio,Heinreich,Kyoto University,AHU,vheinreichpl@businesswire.com,
923,Felic,Maulkin,University of Central Arkansas,BDC,fmaulkinpm@soup.io,VER
924,Harwell,Cochet,"Fachhochschule Konstanz, Hochschule für Technik, Wirtschaft und Gestaltung",XRF,hcochetpn@addthis.com,
925,Fonzie,Glandfield,Royal University of Law and Economics,IIA Standards,fglandfieldpo@shop-pro.jp,
926,Wilmer,Bollum,The Art Institutes International San Francisco,Equipment Maintenance,wbollumpp@shinystat.com,
927,Berny,Edleston,University of Guyana,Freight,bedlestonpq@theatlantic.com,
928,Werner,Pooke,Poznan University of Life Sciences,APO SNP,wpookepr@japanpost.jp,
929,Geoff,Scranny,"Davenport College of Business, Kalamazoo",GBA,gscrannyps@yahoo.com,
930,Gilbertina,Ortell,"City University of New York, Brooklyn College",MTTR,gortellpt@ow.ly,
931,Michael,Cecil,Université du Maine,XP/Vista/7,mcecilpu@google.ru,
932,Gustave,Ambler,William Woods University,Euphonium,gamblerpv@bravesites.com,
933,Neil,Angood,Technische Fachhochschule Berlin,Private Equity,nangoodpw@histats.com,11
934,Florinda,Baxstare,Dutch Delta University,Scientific Writing,fbaxstarepx@apache.org,HH
935,Sayre,Dane,Africa Nazarene University,CNN Pathfire,sdanepy@census.gov,
936,Jody,McLoney,Toccoa Falls College,HTML Scripting,jmcloneypz@army.mil,
937,Ruby,Flasby,Rana Institute of Higher Education,Global Human Resources Management,rflasbyq0@sogou.com,
938,Marwin,Sollam,Temple University,SnapMirror,msollamq1@slate.com,O
939,Jorgan,Alsobrook,Zaporizhzhe National University,OWL,jalsobrookq2@dmoz.org,
940,Joni,Hysom,Hankyong National University,PGA,jhysomq3@umich.edu,NS
941,Jeromy,Lanahan,East Kazakhstan State University,Oligonucleotide Synthesis,jlanahanq4@google.com.hk,
942,Karylin,Dicky,Nugaal University,SWAT,kdickyq5@sina.com.cn,
943,Gustaf,Balden,Lillehammer University College,FFA,gbaldenq6@netlog.com,
944,Gwennie,Denington,Open University Malaysia,SEM,gdeningtonq7@canalblog.com,
945,Cecelia,Grantham,Jingdezhen China Institute,Cost Efficiency,cgranthamq8@skype.com,
946,Kevina,Harford,Universidad Católica de Santiago del Estero,UltraTax CS,kharfordq9@alexa.com,
947,Pascal,Dobbing,Chinese People's Public Security University,Essential Oils,pdobbingqa@trellian.com,
948,Loise,Baillie,"Universidad Pedagógica ""José Martí"", Camagüey",Vascular,lbaillieqb@1688.com,
949,Devin,Petrelluzzi,Universidad Autónoma de Sinaloa,WSGI,dpetrelluzziqc@linkedin.com,97
950,Rhetta,Cottham,"Music Academy ""Stanislaw Moniuszko"" in Gdansk",NGS,rcotthamqd@eepurl.com,MN
951,Renee,Fihelly,Aichi Shukutoku University,MFS,rfihellyqe@studiopress.com,
952,Arie,McConachie,Flagler College,Voiceovers,amcconachieqf@github.io,
953,Maryanna,Escalante,Afeka Tel Aviv Academic College of Engineering,Euthanasia,mescalanteqg@kickstarter.com,09
954,Bab,Androletti,Bluefield State College,Income Tax,bandrolettiqh@cargocollective.com,
955,Hurley,Bowller,UCSI University,TLC,hbowllerqi@guardian.co.uk,
956,Alvy,Whipp,Ilam University of Medical Sciences,Personal Development,awhippqj@yelp.com,
957,Virgie,Laughnan,Université Ibn Toufail,RSpec,vlaughnanqk@seattletimes.com,
958,Shauna,Hassin,Maine Maritime Academy,After FX,shassinql@fda.gov,
959,Gracie,Cregeen,Tumaini University - Iringa University College,DLP,gcregeenqm@digg.com,
960,Thacher,Behninck,Universidad del Pacifico,JavaScript Libraries,tbehninckqn@rediff.com,
961,Marline,Shotton,Akaki Tsereteli State University,Book Illustration,mshottonqo@fema.gov,
962,Tamarra,Shenton,Veer Surendra Sai University of Technology,QAM,tshentonqp@cbslocal.com,
963,Petunia,McGroarty,Newports Institute of Communication & Economics,Ozone Therapy,pmcgroartyqq@virginia.edu,
964,Karoline,Pauncefoot,Université Pierre Mendes-France (Grenoble II),Affiliate Networks,kpauncefootqr@amazonaws.com,
965,Merrili,Kempstone,Visvesvaraya Technological University,DBUnit,mkempstoneqs@scientificamerican.com,A8
966,Eadmund,Pitney,Ecole Nationale Supérieure de Chimie et de Physique de Bordeaux,CBD,epitneyqt@cyberchimps.com,
967,Allistir,Luetkemeyer,Universidad Cristóbal Colón,RVM,aluetkemeyerqu@buzzfeed.com,
968,Pat,Burn,Wheeling Jesuit University,PMO,pburnqv@google.com.hk,07
969,Reider,Domotor,Universität Osnabrück,Elementary Education,rdomotorqw@loc.gov,
970,Saxon,Scarfe,Kyambogo University,Consumer Behaviour,sscarfeqx@cdc.gov,
971,Arch,Nashe,University of West Bohemia,Geography,anasheqy@discovery.com,
972,Angelica,Kulver,"Islamic Azad University, Mashhad",AJAX,akulverqz@hc360.com,
973,Carmella,Ranyell,National Chiao Tung University,jQuery,cranyellr0@rediff.com,
974,Gypsy,Coyett,Université du Maine,Real Estate Transactions,gcoyettr1@dailymail.co.uk,
975,Wilone,Dulinty,Ecole Nationale Supérieure du Pétrole et des Monteurs,Market Planning,wdulintyr2@typepad.com,
976,Ingrim,Osborne,Politeknik Negeri Jakarta,Typewriter,iosborner3@surveymonkey.com,
977,Griz,Hurdman,Ohio College of Podiatric Medicine,Mobile Applications,ghurdmanr4@issuu.com,03
978,Yves,Dougherty,GC University,International Business,ydoughertyr5@sfgate.com,
979,Isabeau,Dillestone,Elisabeth University of Music,SAP HR,idillestoner6@edublogs.org,
980,Agnella,Button,Shinawatra University,Behavioral Health,abuttonr7@mail.ru,
981,Gill,Raymond,St. Petersburg State Theatre Arts Academy,VMware Player,graymondr8@auda.org.au,
982,Theadora,Meneer,Oklahoma State University Center for Health Sciences,Alumni Relations,tmeneerr9@chicagotribune.com,
983,Breena,Hallin,Thompson Rivers University,Global Marketing,bhallinra@toplist.cz,
984,Philomena,Buckie,Tokyo University of Mercantile Marine,High Yield Bonds,pbuckierb@nymag.com,
985,Hermon,Braffington,Ulyanovsk Higher School of Civil Aviation,BMC Remedy AR System,hbraffingtonrc@1688.com,
986,Ronna,Simonnot,Université de Caen Basse Normandie,Video Editing,rsimonnotrd@ucoz.ru,
987,Thorpe,McKiernan,Institute of Management Development - Ohrid,Petroleum Engineering,tmckiernanre@wsj.com,WV
988,Wilie,MacIllrick,Rocky Mountain College,HLR,wmacillrickrf@myspace.com,
989,Mercedes,Giacomuzzo,Universidad Nacional del Littoral,Knowledge Base,mgiacomuzzorg@pcworld.com,
990,Darrell,Gannon,Massachusetts College of Liberal Arts,CVA,dgannonrh@eepurl.com,
991,Libby,Nitti,Heartland Baptist Bible College,CPFR,lnittiri@jimdo.com,
992,Tallia,Vany,Politeknik Negeri Semarang,Overall Wellness,tvanyrj@telegraph.co.uk,
993,Kimmi,Minshull,Tohoku Fukushi University,SDTM,kminshullrk@mozilla.com,
994,Rasla,Checchi,Karelian State Pedagogical University,Econometrics,rchecchirl@netvibes.com,
995,Shermy,Arundel,Thierry Graduate School of Leadership,Consumer Electronics,sarundelrm@state.tx.us,
996,Norry,Fannin,St. Petersburg State Cinema and TV University,Ecological Restoration,nfanninrn@ihg.com,
997,Urson,Bagot,"Federal University of Technology, Akure",WCDMA,ubagotro@dmoz.org,
998,Frans,Balston,Universidade de Taubaté,PMIS,fbalstonrp@smugmug.com,
999,Paulita,Djakovic,University of Lower Silesia of the Association for the Advancement of Education in Wroclaw.,Windows Server,pdjakovicrq@amazon.com,
1000,Glennis,Zecchinii,Belarussian State Polytechnical Academy,SDSF,gzecchiniirr@joomla.org,
